gr,freq
B61,6
B70,7
B71,5
B72,7
B73,1
B80,3
B81,3
B82,3
B83,4
B84,2
B90,4
B91,4
B92,6
B93,4
B94,1
C00,4
C01,5
C02,4
C03,7
C04,3
C10,3
C11,2
C12,5
C13,6
C14,3
C20,3
C21,5
C22,4
C23,5
C24,4
C30,5
C31,6
C32,5
C33,3
C34,7
C35,2
C36,1
C40,5
C41,9
C42,6
C43,4
C44,4
C45,4
C46,1
C50,7
C51,6
C52,4
C53,1
C54,9
C55,3
C60,4
C61,3
C62,9
C63,8
C64,4
C70,7
C71,3
C72,5
C73,8
C80,9
C81,14
C82,7
C83,11
C84,3
C90,7
C91,10
C92,8
C93,10
C94,10
D00,7
D01,7
D02,10
D03,8
D04,9
D05,1
D10,8
D11,14
D12,7
D13,8
D14,7
D15,2
D20,7
D21,8
D22,12
D23,8
D24,2
D30,13
D31,6
D32,1
D40,6
F50,4
F52,1
F60,6
F61,3
F62,7
F63,6
F70,5
F71,5
F72,6
F73,3
F74,1
F80,3
F81,3
F82,4
F83,4
F84,4
F90,2
F91,1
F92,6
F93,2
F94,2
G00,4
G01,1
G02,6
G03,2
G04,5
G10,4
G11,2
G12,5
G13,3
G14,2
G20,12
G21,5
G22,9
G23,4
G30,7
G31,3
G32,15
G33,17
G40,14
G41,10
G42,10
G43,11
G47,1
G48,2
G50,11
G51,9
G52,12
G53,13
G54,9
G55,2
G57,2
G58,3
G59,1
G60,15
G61,14
G62,18
G63,18
G64,21
G65,7
G67,5
G68,8
G69,7
G70,16
G71,10
G72,18
G73,21
G74,15
G75,22
G76,1
G77,7
G78,4
G79,5
G80,9
G81,12
G82,16
G83,22
G84,13
G85,17
G86,4
G87,6
G88,3
G90,13
G91,9
G92,13
G93,13
G94,21
G95,20
G96,7
G97,8
G98,10
G99,1
H00,12
H01,11
H02,9
H03,13
H04,22
H05,21
H06,13
H07,8
H08,8
H09,5
H10,12
H11,12
H12,6
H13,22
H14,24
H15,22
H16,23
H17,10
H18,4
H19,4
H20,13
H21,4
H22,21
H23,25
H24,19
H25,18
H26,21
H27,9
H28,12
H29,7
H30,8
H31,10
H32,22
H33,23
H34,21
H35,12
H36,6
H37,4
H38,6
H39,5
H40,4
H41,4
H42,23
H43,24
H44,20
H45,8
H46,6
H47,6
H48,8
H49,3
H50,3
H51,4
H52,10
H53,15
H54,13
H55,9
H56,5
H57,5
H58,10
H59,2
H60,2
H61,5
H62,2
H63,6
H64,7
H65,7
H66,4
H67,4
H68,5
H69,3
H70,3
H71,2
H72,4
H73,11
H74,16
H75,9
H76,5
H77,4
H78,3
H79,5
H80,8
H81,10
H82,14
H83,11
H84,20
H85,12
H86,6
H87,1
H88,9
H89,9
H90,1
H91,7
H92,11
H93,12
H94,12
H95,11
H96,11
H97,5
H98,7
H99,10
HP50,9
HP60,5
HP61,7
HT93,2
HT94,1
HU14,1
HU15,4
HU16,2
HU25,4
HU27,2
HU28,1
HU30,1
HU31,6
HU32,1
HU33,3
HU34,4
HU35,5
HU36,5
HU37,7
HU38,3
HU39,3
HU40,2
HU41,3
HU42,9
HU43,6
HU44,7
HU45,8
HU46,7
HU47,4
HU48,3
HU49,1
HU53,2
HU54,3
HU55,1
HU56,6
HU57,2
HU58,3
HU59,5
HU67,2
HU68,1
HU69,3
HW83,1
HY20,14
HY21,14
HY22,16
HY30,9
HY31,17
HY32,14
HY33,3
HY34,1
HY40,12
HY41,8
HY42,12
HY43,5
HY44,10
HY45,4
HY50,14
HY51,4
HY52,3
HY53,4
HY54,1
HY55,1
HY60,1
HY61,1
HY62,11
HY63,6
HY64,9
HY73,1
HY74,6
HY75,7
HZ26,1
J00,6
J01,9
J02,11
J03,18
J04,15
J05,17
J06,14
J07,5
J08,12
J09,7
J10,5
J11,10
J12,11
J13,8
J14,14
J15,15
J16,8
J17,15
J18,13
J19,10
J20,3
J21,15
J22,13
J23,7
J24,9
J25,10
J26,15
J27,14
J28,15
J29,10
J31,4
J32,7
J33,21
J34,14
J35,13
J36,17
J37,25
J38,15
J39,15
J43,10
J44,16
J45,16
J46,11
J47,17
J48,12
J49,15
J53,11
J54,18
J55,20
J56,13
J57,18
J58,8
J64,7
J65,12
J66,12
J67,5
L54,5
L55,5
L56,3
L57,1
L63,3
L64,5
L65,8
L66,5
L67,3
L68,5
L69,1
L71,1
L72,2
L73,9
L74,6
L75,7
L76,9
L77,5
L78,4
L79,5
L80,5
L81,4
L82,7
L83,4
L84,9
L85,5
L86,5
L87,5
L88,4
L89,7
L90,4
L92,4
L93,6
L94,7
L95,5
L96,3
L97,3
L98,7
L99,9
M00,2
M02,8
M03,7
M04,6
M05,3
M06,9
M07,6
M08,3
M09,8
M10,13
M11,2
M12,5
M13,6
M14,10
M15,10
M16,9
M17,10
M18,5
M19,4
M20,16
M21,7
M22,10
M23,13
M24,8
M25,6
M26,8
M27,6
M28,8
M29,5
M30,15
M31,15
M32,15
M33,8
M34,5
M35,3
M36,6
M37,8
M38,5
M39,7
M40,12
M41,14
M42,8
M43,1
M44,4
M45,1
M46,7
M47,4
M48,5
M49,2
M50,8
M51,9
M52,10
M53,1
M54,3
M55,5
M56,8
M57,14
M58,9
M59,7
M60,8
M61,6
M62,5
M63,7
M64,3
M65,4
M66,8
M67,8
M68,12
M69,9
M70,7
M71,3
M72,2
M73,3
M74,3
M75,6
M76,12
M77,8
M78,10
M79,10
M80,5
M81,4
M82,11
M83,6
M84,11
M85,7
M86,8
M87,7
M88,7
M89,6
M90,5
M91,8
M92,15
M93,6
M94,6
M95,8
M96,11
M97,7
M98,6
M99,13
N00,9
N01,13
N02,6
N03,14
N04,13
N05,11
N06,9
N07,13
N08,13
N09,16
N10,11
N11,7
N12,10
N13,3
N14,4
N15,7
N16,4
N17,8
N18,10
N19,14
N20,7
N21,8
N22,12
N23,9
N24,4
N25,6
N26,10
N27,5
N28,9
N29,15
N30,5
N31,8
N32,9
N33,6
N34,2
N35,4
N36,5
N37,5
N38,8
N39,4
N40,7
N41,6
N42,7
N43,5
N44,6
N45,12
N46,4
N47,2
N48,5
N49,4
N50,11
N51,5
N52,4
N53,8
N54,3
N55,2
N56,7
N58,3
N59,10
N60,4
N61,3
N62,5
N63,6
N64,5
N66,2
N67,1
N68,3
N69,1
N70,1
N71,1
N72,5
N73,1
N74,3
N75,1
N77,1
N78,1
N79,4
N80,4
N81,2
N82,8
N83,3
N85,6
N86,5
N89,9
N90,4
N91,3
N92,2
N93,7
N94,8
N95,8
N96,4
N97,2
N98,3
N99,4
NA91,3
NA92,1
NB00,6
NB01,1
NB02,1
NB03,13
NB10,12
NB11,2
NB12,3
NB13,6
NB14,2
NB20,3
NB21,5
NB22,3
NB23,10
NB24,5
NB31,6
NB32,11
NB33,8
NB34,4
NB35,4
NB41,2
NB42,1
NB43,15
NB44,3
NB45,5
NB46,2
NB53,8
NB54,5
NB55,4
NB56,9
NB90,3
NB91,1
NC00,2
NC01,4
NC02,14
NC03,12
NC10,5
NC11,4
NC12,10
NC13,12
NC14,13
NC15,1
NC16,1
NC20,3
NC21,12
NC22,12
NC23,11
NC24,11
NC25,15
NC26,2
NC27,3
NC30,13
NC31,3
NC32,4
NC33,7
NC34,1
NC35,9
NC36,12
NC37,2
NC40,7
NC41,2
NC42,7
NC43,1
NC44,2
NC45,8
NC46,11
NC50,10
NC51,9
NC52,11
NC53,7
NC54,2
NC55,4
NC56,5
NC60,6
NC61,3
NC63,4
NC64,5
NC65,7
NC66,7
NC70,7
NC71,4
NC73,6
NC74,4
NC75,4
NC76,8
NC80,11
NC81,2
NC82,4
NC83,8
NC84,3
NC85,4
NC86,8
NC90,5
NC91,3
NC92,4
NC94,2
NC96,7
ND01,9
ND02,4
ND03,2
ND04,4
ND05,3
ND06,7
ND07,3
ND12,9
ND13,13
ND14,4
ND15,2
ND16,9
ND17,2
ND19,1
ND23,11
ND24,6
ND25,5
ND26,7
ND27,3
ND28,2
ND29,7
ND33,1
ND34,9
ND35,9
ND36,5
ND37,5
ND38,3
ND39,9
ND47,1
ND48,8
ND49,13
ND59,1
NF19,1
NF56,1
NF60,9
NF66,3
NF67,1
NF70,7
NF71,14
NF72,13
NF73,13
NF74,6
NF75,4
NF76,14
NF77,12
NF80,1
NF81,2
NF82,1
NF83,2
NF84,11
NF85,14
NF86,9
NF87,16
NF88,2
NF96,3
NF97,4
NF98,6
NF99,3
NG08,7
NG09,8
NG14,10
NG15,7
NG18,2
NG19,14
NG20,6
NG23,3
NG24,15
NG25,18
NG26,7
NG29,4
NG30,9
NG31,2
NG32,11
NG33,21
NG34,14
NG35,15
NG36,9
NG37,3
NG41,5
NG42,9
NG43,15
NG44,19
NG45,10
NG46,16
NG47,9
NG49,2
NG50,5
NG51,16
NG52,11
NG53,19
NG54,15
NG55,9
NG56,5
NG60,13
NG61,21
NG62,18
NG63,2
NG64,2
NG65,8
NG66,1
NG70,5
NG71,5
NG72,12
NG73,4
NG74,7
NG75,7
NG76,5
NG77,4
NG78,2
NG81,5
NG82,11
NG83,6
NG84,2
NG85,8
NG86,2
NG87,3
NG88,6
NG89,6
NG90,5
NG91,4
NG92,5
NG93,4
NG94,4
NG95,3
NG96,1
NG97,2
NG98,2
NG99,4
NH00,7
NH01,4
NH02,2
NH03,1
NH04,1
NH05,6
NH06,7
NH08,1
NH09,2
NH10,9
NH11,5
NH12,1
NH13,3
NH15,8
NH16,4
NH17,4
NH18,9
NH19,4
NH20,7
NH21,4
NH22,3
NH23,4
NH24,1
NH25,8
NH26,8
NH27,4
NH28,1
NH29,4
NH30,11
NH31,6
NH32,3
NH33,5
NH34,4
NH35,8
NH36,11
NH37,13
NH38,5
NH39,6
NH40,2
NH41,7
NH42,8
NH43,7
NH44,6
NH45,21
NH46,9
NH48,5
NH49,7
NH50,3
NH51,7
NH52,13
NH53,17
NH54,18
NH55,20
NH56,12
NH57,8
NH58,6
NH59,14
NH60,2
NH61,1
NH62,8
NH63,15
NH64,19
NH65,18
NH66,21
NH67,15
NH68,11
NH69,12
NH70,8
NH71,5
NH72,4
NH73,6
NH74,12
NH75,14
NH76,12
NH77,17
NH78,20
NH79,17
NH80,16
NH81,8
NH82,15
NH83,5
NH84,7
NH85,15
NH86,2
NH87,13
NH88,8
NH89,6
NH90,7
NH91,19
NH92,17
NH93,12
NH94,17
NH95,19
NH96,5
NH98,7
NJ00,1
NJ01,12
NJ02,20
NJ03,16
NJ04,20
NJ05,25
NJ06,15
NJ10,4
NJ11,10
NJ12,15
NJ13,16
NJ14,17
NJ15,23
NJ16,25
NJ17,3
NJ20,7
NJ21,6
NJ22,10
NJ23,7
NJ24,21
NJ25,20
NJ26,24
NJ27,2
NJ30,8
NJ31,11
NJ32,8
NJ33,8
NJ34,9
NJ35,23
NJ36,15
NJ40,16
NJ41,16
NJ42,11
NJ43,5
NJ44,12
NJ45,11
NJ46,12
NJ50,21
NJ51,22
NJ52,10
NJ53,3
NJ54,7
NJ55,10
NJ56,5
NJ60,14
NJ61,20
NJ62,9
NJ63,7
NJ64,8
NJ65,12
NJ66,9
NJ70,16
NJ71,14
NJ72,13
NJ73,9
NJ74,9
NJ75,7
NJ76,12
NJ80,10
NJ81,7
NJ82,5
NJ83,14
NJ84,7
NJ85,10
NJ86,6
NJ90,11
NJ91,8
NJ92,10
NJ93,9
NJ94,8
NJ95,7
NJ96,9
NK02,2
NK03,5
NK04,3
NK05,12
NK06,8
NK13,2
NK14,1
NK15,4
NL69,8
NL93,3
NL94,17
NM04,15
NM05,2
NM15,12
NM16,1
NM22,5
NM24,3
NM25,5
NM26,6
NM31,5
NM32,13
NM33,3
NM34,14
NM35,8
NM37,1
NM38,1
NM39,5
NM40,2
NM41,4
NM42,20
NM43,18
NM44,17
NM45,20
NM46,11
NM47,5
NM48,14
NM49,3
NM51,1
NM52,16
NM53,6
NM54,17
NM55,8
NM56,14
NM57,4
NM59,1
NM61,1
NM62,11
NM63,13
NM64,13
NM65,7
NM66,17
NM67,7
NM68,6
NM69,7
NM70,10
NM71,18
NM72,7
NM73,13
NM74,3
NM75,4
NM76,8
NM77,5
NM78,5
NM79,3
NM80,14
NM81,10
NM82,21
NM83,11
NM84,8
NM85,5
NM86,10
NM88,5
NM89,2
NM90,7
NM91,12
NM92,7
NM93,19
NM94,16
NM95,10
NM96,4
NM97,3
NM98,1
NM99,1
NN00,5
NN01,8
NN02,14
NN03,8
NN04,7
NN05,13
NN06,15
NN07,14
NN08,1
NN09,4
NN10,14
NN11,9
NN12,14
NN13,5
NN14,2
NN15,7
NN16,13
NN17,14
NN18,13
NN19,6
NN20,10
NN21,8
NN22,5
NN23,4
NN24,5
NN25,11
NN26,3
NN27,2
NN28,13
NN29,6
NN30,14
NN31,13
NN32,13
NN33,4
NN34,4
NN35,3
NN36,3
NN37,5
NN38,7
NN39,5
NN40,18
NN41,7
NN42,10
NN43,5
NN44,7
NN45,8
NN46,2
NN47,5
NN48,5
NN49,1
NN50,23
NN51,16
NN52,14
NN53,7
NN54,6
NN55,7
NN56,2
NN57,4
NN58,6
NN59,9
NN60,22
NN61,10
NN62,10
NN63,11
NN64,8
NN65,6
NN66,6
NN67,10
NN68,7
NN69,15
NN70,19
NN71,9
NN72,11
NN73,5
NN74,11
NN75,7
NN76,14
NN77,8
NN78,1
NN79,12
NN80,16
NN81,20
NN82,14
NN83,10
NN84,11
NN85,8
NN86,13
NN87,4
NN88,2
NN89,7
NN90,15
NN91,20
NN92,13
NN93,12
NN94,13
NN95,19
NN96,12
NN97,5
NO00,17
NO01,19
NO02,13
NO03,14
NO04,16
NO05,8
NO06,12
NO07,8
NO08,5
NO09,3
NO10,12
NO11,18
NO12,18
NO13,13
NO14,18
NO15,12
NO16,11
NO17,7
NO18,4
NO19,6
NO20,12
NO21,14
NO22,14
NO23,12
NO24,15
NO25,12
NO26,3
NO27,4
NO28,1
NO29,10
NO30,11
NO31,12
NO32,14
NO33,16
NO34,6
NO35,8
NO36,9
NO37,3
NO38,3
NO39,8
NO40,6
NO41,14
NO42,16
NO43,14
NO44,5
NO45,9
NO46,6
NO47,5
NO48,4
NO49,11
NO50,9
NO51,7
NO52,3
NO53,11
NO54,7
NO55,8
NO56,8
NO57,7
NO58,1
NO59,16
NO60,2
NO61,1
NO63,3
NO64,12
NO65,13
NO66,12
NO67,8
NO68,5
NO69,15
NO75,6
NO76,8
NO77,7
NO78,4
NO79,15
NO86,1
NO87,8
NO88,10
NO89,14
NO99,4
NR15,5
NR16,1
NR24,3
NR25,7
NR26,14
NR27,6
NR34,10
NR35,10
NR36,14
NR37,4
NR38,3
NR39,12
NR44,3
NR45,6
NR46,9
NR47,4
NR49,4
NR50,2
NR51,4
NR56,5
NR57,9
NR58,2
NR59,1
NR60,6
NR61,11
NR62,10
NR63,7
NR64,10
NR65,4
NR67,3
NR68,5
NR69,5
NR70,4
NR71,9
NR72,13
NR73,9
NR74,8
NR75,10
NR76,11
NR77,12
NR78,11
NR79,10
NR82,2
NR83,8
NR84,13
NR85,10
NR86,12
NR87,11
NR88,11
NR89,15
NR92,19
NR93,10
NR94,5
NR95,9
NR96,8
NR97,9
NR98,6
NR99,10
NS01,1
NS02,15
NS03,12
NS04,7
NS05,10
NS06,23
NS07,11
NS08,3
NS09,9
NS10,2
NS14,3
NS15,15
NS16,8
NS17,9
NS18,10
NS19,8
NS20,7
NS21,6
NS23,1
NS24,15
NS25,12
NS26,10
NS27,19
NS28,22
NS29,15
NS30,6
NS31,9
NS32,8
NS33,12
NS34,12
NS35,18
NS36,22
NS37,24
NS38,23
NS39,14
NS40,7
NS41,9
NS42,6
NS43,5
NS44,8
NS45,20
NS46,25
NS47,21
NS48,19
NS49,12
NS50,7
NS51,3
NS52,8
NS53,6
NS54,11
NS55,24
NS56,25
NS57,23
NS58,18
NS59,21
NS60,5
NS61,6
NS62,12
NS63,13
NS64,10
NS65,20
NS66,25
NS67,24
NS68,14
NS69,21
NS70,7
NS71,7
NS72,10
NS73,6
NS74,17
NS75,20
NS76,9
NS77,18
NS78,15
NS79,24
NS80,7
NS81,8
NS82,7
NS83,8
NS84,23
NS85,13
NS86,13
NS87,17
NS88,17
NS89,22
NS90,5
NS91,7
NS92,10
NS93,15
NS94,9
NS95,19
NS96,25
NS97,25
NS98,22
NS99,22
NT00,13
NT01,11
NT02,17
NT03,15
NT04,14
NT05,16
NT06,25
NT07,25
NT08,16
NT09,18
NT10,7
NT11,8
NT12,12
NT13,15
NT14,16
NT15,19
NT16,24
NT17,25
NT18,13
NT19,12
NT20,7
NT21,6
NT22,10
NT23,17
NT24,17
NT25,23
NT26,25
NT27,20
NT28,4
NT29,12
NT30,8
NT31,13
NT32,9
NT33,15
NT34,14
NT35,22
NT36,25
NT37,13
NT39,7
NT40,12
NT41,17
NT42,17
NT43,15
NT44,24
NT45,21
NT46,25
NT47,22
NT48,6
NT49,1
NT50,15
NT51,19
NT52,19
NT53,24
NT54,20
NT55,13
NT56,22
NT57,25
NT58,15
NT60,7
NT61,17
NT62,19
NT63,20
NT64,14
NT65,12
NT66,19
NT67,25
NT68,4
NT69,1
NT70,14
NT71,8
NT72,11
NT73,21
NT74,16
NT75,14
NT76,18
NT77,15
NT80,21
NT81,13
NT82,17
NT83,24
NT84,22
NT85,18
NT86,12
NT87,4
NT90,24
NT91,16
NT92,18
NT93,24
NT94,20
NT95,16
NT96,11
NU00,23
NU01,25
NU02,21
NU03,24
NU04,15
NU05,3
NU10,23
NU11,25
NU12,23
NU13,19
NU14,3
NU20,16
NU21,18
NU22,13
NU23,5
NW95,3
NW96,5
NW97,2
NX03,2
NX04,6
NX05,5
NX06,12
NX07,8
NX08,5
NX13,2
NX14,4
NX15,7
NX16,10
NX17,7
NX18,9
NX19,7
NX24,3
NX25,8
NX26,7
NX27,8
NX28,6
NX29,4
NX30,3
NX33,2
NX34,7
NX35,11
NX36,8
NX37,10
NX38,10
NX39,5
NX40,10
NX43,6
NX44,9
NX45,13
NX46,13
NX47,4
NX48,2
NX49,3
NX54,3
NX55,21
NX56,6
NX57,5
NX58,8
NX59,11
NX64,16
NX65,19
NX66,11
NX67,8
NX68,14
NX69,5
NX74,15
NX75,14
NX76,15
NX77,11
NX78,12
NX79,4
NX84,2
NX85,17
NX86,14
NX87,12
NX88,9
NX89,11
NX90,3
NX91,13
NX92,6
NX93,1
NX95,9
NX96,14
NX97,20
NX98,9
NX99,5
NY00,23
NY01,23
NY02,25
NY03,21
NY04,7
NY05,1
NY06,6
NY07,10
NY08,10
NY09,6
NY10,20
NY11,13
NY12,24
NY13,25
NY14,25
NY15,21
NY16,10
NY17,7
NY18,7
NY19,6
NY20,14
NY21,18
NY22,21
NY23,22
NY24,25
NY25,25
NY26,10
NY27,10
NY28,3
NY29,10
NY30,25
NY31,19
NY32,22
NY33,24
NY34,25
NY35,25
NY36,23
NY37,13
NY38,13
NY39,9
NY40,22
NY41,21
NY42,25
NY43,25
NY44,25
NY45,25
NY46,25
NY47,23
NY48,12
NY49,11
NY50,21
NY51,25
NY52,25
NY53,25
NY54,25
NY55,25
NY56,25
NY57,25
NY58,20
NY59,13
NY60,24
NY61,25
NY62,25
NY63,20
NY64,16
NY65,16
NY66,20
NY67,23
NY68,23
NY69,23
NY70,25
NY71,24
NY72,19
NY73,17
NY74,25
NY75,19
NY76,21
NY77,24
NY78,24
NY79,19
NY80,18
NY81,21
NY82,11
NY83,22
NY84,17
NY85,17
NY86,16
NY87,20
NY88,19
NY89,17
NY90,14
NY91,18
NY92,22
NY93,17
NY94,21
NY95,20
NY96,20
NY97,18
NY98,12
NY99,12
NZ00,21
NZ01,23
NZ02,24
NZ03,22
NZ04,23
NZ05,21
NZ06,22
NZ07,21
NZ08,20
NZ09,10
NZ10,19
NZ11,19
NZ12,25
NZ13,24
NZ14,25
NZ15,25
NZ16,24
NZ17,18
NZ18,22
NZ19,18
NZ20,15
NZ21,21
NZ22,25
NZ23,25
NZ24,25
NZ25,25
NZ26,23
NZ27,21
NZ28,23
NZ29,21
NZ30,19
NZ31,25
NZ32,25
NZ33,25
NZ34,25
NZ35,25
NZ36,24
NZ37,15
NZ38,5
NZ39,2
NZ40,19
NZ41,24
NZ42,25
NZ43,23
NZ44,14
NZ45,6
NZ46,3
NZ50,24
NZ51,25
NZ52,21
NZ53,6
NZ60,24
NZ61,25
NZ62,10
NZ70,25
NZ71,25
NZ72,2
NZ80,24
NZ81,13
NZ90,18
NZ91,2
O00,7
O01,6
O02,2
O03,9
O04,10
O05,8
O06,4
O07,7
O08,4
O09,3
O10,3
O11,1
O12,11
O13,19
O14,6
O15,5
O16,7
O17,8
O18,4
O19,4
O20,9
O21,11
O22,12
O23,7
O24,7
O25,7
O26,1
O30,4
O35,1
O39,1
Q30,5
Q31,1
Q40,8
Q41,2
Q50,5
Q51,4
Q60,6
Q61,10
Q62,1
Q63,1
Q64,1
Q70,3
Q71,9
Q72,9
Q73,1
Q74,4
Q75,2
Q80,6
Q81,11
Q82,2
Q83,4
Q84,5
Q85,6
Q86,3
Q90,5
Q91,3
Q92,2
Q93,4
Q94,6
Q95,7
Q96,7
Q97,3
R00,2
R01,5
R02,2
R03,6
R04,9
R05,4
R06,8
R07,10
R08,6
R09,4
R10,4
R11,4
R12,13
R13,17
R14,15
R15,4
R16,5
R17,6
R18,5
R19,10
R20,3
R21,1
R22,16
R23,16
R24,17
R25,12
R26,9
R27,5
R28,8
R29,14
R30,5
R31,6
R32,14
R33,16
R34,17
R35,11
R36,8
R37,10
R38,8
R39,14
R40,5
R41,5
R42,12
R43,17
R44,11
R45,16
R46,4
R47,5
R48,7
R49,13
R50,4
R51,7
R52,14
R53,19
R54,18
R55,19
R56,6
R57,4
R58,7
R59,4
R60,10
R61,14
R62,20
R63,17
R64,16
R65,19
R66,14
R67,9
R68,8
R69,6
R70,11
R71,8
R72,18
R73,11
R74,17
R75,9
R77,2
R78,5
R79,7
R80,11
R81,13
R82,8
R83,6
R84,8
R85,14
R86,3
R87,4
R88,2
R89,7
R90,17
R91,5
R92,5
R93,2
R94,6
R95,1
R96,2
R97,5
R98,3
R99,1
S00,21
S01,4
S02,2
S03,1
S04,6
S05,2
S06,2
S07,3
S08,7
S09,7
S10,22
S11,17
S12,6
S13,5
S15,3
S16,2
S17,1
S18,1
S19,7
S20,22
S21,21
S22,12
S23,8
S24,4
S26,5
S27,7
S28,5
S29,6
S30,25
S31,23
S32,12
S33,8
S34,5
S35,7
S36,9
S37,5
S38,6
S39,4
S40,25
S41,24
S42,9
S43,9
S44,9
S45,10
S46,16
S47,12
S48,9
S49,7
S50,25
S51,15
S52,16
S53,10
S54,12
S55,10
S56,12
S57,13
S58,8
S59,13
S60,25
S61,23
S62,12
S63,15
S64,13
S65,11
S66,10
S67,12
S68,13
S69,8
S70,20
S71,25
S72,25
S73,22
S74,12
S75,12
S76,8
S77,11
S78,5
S79,4
S80,12
S81,25
S82,25
S83,25
S84,22
S85,13
S86,6
S87,10
S88,6
S89,5
S90,15
S91,25
S92,25
S93,25
S94,25
S95,25
S96,15
S97,8
S98,8
S99,1
SC16,5
SC17,1
SC26,10
SC27,24
SC28,13
SC36,1
SC37,21
SC38,20
SC39,20
SC47,3
SC48,15
SC49,17
SD08,4
SD09,11
SD16,6
SD17,8
SD18,23
SD19,20
SD20,8
SD21,2
SD26,12
SD27,25
SD28,23
SD29,25
SD30,25
SD31,24
SD32,13
SD33,25
SD34,25
SD35,2
SD36,1
SD37,15
SD38,25
SD39,25
SD40,25
SD41,25
SD42,25
SD43,25
SD44,25
SD45,22
SD46,18
SD47,19
SD48,25
SD49,25
SD50,25
SD51,25
SD52,25
SD53,25
SD54,24
SD55,20
SD56,25
SD57,25
SD58,25
SD59,25
SD60,25
SD61,25
SD62,25
SD63,25
SD64,23
SD65,21
SD66,25
SD67,25
SD68,24
SD69,20
SD70,25
SD71,25
SD72,25
SD73,25
SD74,24
SD75,25
SD76,25
SD77,24
SD78,25
SD79,18
SD80,25
SD81,25
SD82,25
SD83,25
SD84,23
SD85,25
SD86,25
SD87,19
SD88,22
SD89,14
SD90,25
SD91,21
SD92,23
SD93,23
SD94,22
SD95,24
SD96,24
SD97,21
SD98,17
SD99,20
SE00,17
SE01,22
SE02,25
SE03,23
SE04,25
SE05,22
SE06,16
SE07,10
SE08,16
SE09,15
SE10,24
SE11,25
SE12,25
SE13,25
SE14,24
SE15,21
SE16,22
SE17,23
SE18,16
SE19,19
SE20,25
SE21,25
SE22,25
SE23,25
SE24,25
SE25,25
SE26,25
SE27,20
SE28,17
SE29,19
SE30,25
SE31,25
SE32,25
SE33,25
SE34,25
SE35,23
SE36,25
SE37,18
SE38,12
SE39,22
SE40,25
SE41,24
SE42,25
SE43,25
SE44,24
SE45,22
SE46,17
SE47,17
SE48,19
SE49,20
SE50,25
SE51,24
SE52,23
SE53,25
SE54,25
SE55,18
SE56,9
SE57,23
SE58,25
SE59,25
SE60,25
SE61,24
SE62,23
SE63,14
SE64,14
SE65,14
SE66,14
SE67,24
SE68,24
SE69,25
SE70,25
SE71,20
SE72,17
SE73,12
SE74,18
SE75,9
SE76,21
SE77,19
SE78,19
SE79,23
SE80,24
SE81,25
SE82,17
SE83,16
SE84,15
SE85,16
SE86,18
SE87,11
SE88,22
SE89,25
SE90,25
SE91,25
SE92,23
SE93,19
SE94,17
SE95,10
SE96,13
SE97,10
SE98,25
SE99,24
SH12,10
SH13,5
SH22,10
SH23,24
SH24,3
SH27,11
SH28,12
SH29,3
SH32,5
SH33,19
SH34,14
SH36,11
SH37,24
SH38,25
SH39,13
SH43,12
SH44,24
SH45,20
SH46,23
SH47,25
SH48,25
SH49,12
SH50,8
SH51,3
SH52,11
SH53,16
SH54,20
SH55,18
SH56,23
SH57,25
SH58,10
SH60,9
SH61,22
SH62,15
SH63,18
SH64,18
SH65,12
SH66,14
SH67,16
SH68,4
SH70,16
SH71,18
SH72,15
SH73,10
SH74,16
SH75,24
SH76,22
SH77,23
SH78,5
SH80,22
SH81,14
SH82,10
SH83,18
SH84,14
SH85,23
SH86,24
SH87,25
SH88,4
SH90,15
SH91,10
SH92,10
SH93,16
SH94,21
SH95,24
SH96,23
SH97,25
SH98,1
SJ00,19
SJ01,22
SJ02,22
SJ03,18
SJ04,24
SJ05,25
SJ06,25
SJ07,25
SJ08,12
SJ10,18
SJ11,21
SJ12,24
SJ13,20
SJ14,22
SJ15,25
SJ16,25
SJ17,25
SJ18,11
SJ20,19
SJ21,23
SJ22,25
SJ23,25
SJ24,25
SJ25,25
SJ26,24
SJ27,18
SJ28,22
SJ29,7
SJ30,25
SJ31,25
SJ32,24
SJ33,24
SJ34,25
SJ35,25
SJ36,25
SJ37,25
SJ38,16
SJ39,22
SJ40,23
SJ41,25
SJ42,24
SJ43,22
SJ44,25
SJ45,25
SJ46,25
SJ47,20
SJ48,24
SJ49,25
SJ50,25
SJ51,25
SJ52,25
SJ53,25
SJ54,25
SJ55,24
SJ56,23
SJ57,25
SJ58,24
SJ59,25
SJ60,24
SJ61,25
SJ62,22
SJ63,24
SJ64,24
SJ65,25
SJ66,24
SJ67,25
SJ68,25
SJ69,25
SJ70,25
SJ71,23
SJ72,24
SJ73,25
SJ74,24
SJ75,24
SJ76,25
SJ77,25
SJ78,25
SJ79,25
SJ80,24
SJ81,25
SJ82,25
SJ83,25
SJ84,25
SJ85,25
SJ86,25
SJ87,25
SJ88,25
SJ89,25
SJ90,25
SJ91,25
SJ92,25
SJ93,25
SJ94,25
SJ95,25
SJ96,25
SJ97,25
SJ98,25
SJ99,25
SK00,25
SK01,25
SK02,25
SK03,25
SK04,25
SK05,25
SK06,25
SK07,25
SK08,25
SK09,22
SK10,25
SK11,25
SK12,25
SK13,25
SK14,25
SK15,25
SK16,25
SK17,25
SK18,25
SK19,11
SK20,25
SK21,25
SK22,25
SK23,25
SK24,25
SK25,25
SK26,25
SK27,25
SK28,25
SK29,22
SK30,25
SK31,25
SK32,25
SK33,25
SK34,25
SK35,25
SK36,25
SK37,25
SK38,25
SK39,24
SK40,25
SK41,25
SK42,25
SK43,25
SK44,25
SK45,25
SK46,25
SK47,25
SK48,25
SK49,25
SK50,25
SK51,25
SK52,25
SK53,25
SK54,25
SK55,25
SK56,25
SK57,25
SK58,25
SK59,25
SK60,25
SK61,25
SK62,25
SK63,25
SK64,25
SK65,25
SK66,25
SK67,25
SK68,25
SK69,25
SK70,25
SK71,25
SK72,25
SK73,25
SK74,25
SK75,25
SK76,25
SK77,25
SK78,25
SK79,25
SK80,25
SK81,25
SK82,25
SK83,25
SK84,25
SK85,25
SK86,25
SK87,25
SK88,25
SK89,25
SK90,25
SK91,25
SK92,25
SK93,25
SK94,25
SK95,20
SK96,23
SK97,25
SK98,25
SK99,25
SM62,1
SM70,4
SM71,1
SM72,12
SM73,1
SM80,17
SM81,6
SM82,11
SM83,10
SM84,1
SM90,23
SM91,16
SM92,8
SM93,8
SM94,1
SN00,15
SN01,11
SN02,8
SN03,12
SN04,3
SN10,8
SN11,10
SN12,17
SN13,8
SN14,18
SN15,5
SN20,9
SN21,20
SN22,12
SN23,4
SN24,21
SN25,8
SN30,13
SN31,19
SN32,17
SN33,16
SN34,24
SN35,20
SN36,2
SN40,24
SN41,21
SN42,25
SN43,17
SN44,23
SN45,25
SN46,10
SN50,24
SN51,24
SN52,18
SN53,22
SN54,21
SN55,23
SN56,23
SN57,12
SN58,4
SN59,2
SN60,14
SN61,24
SN62,18
SN63,22
SN64,23
SN65,24
SN66,25
SN67,23
SN68,24
SN69,21
SN70,24
SN71,16
SN72,24
SN73,18
SN74,18
SN75,23
SN76,20
SN77,21
SN78,23
SN79,19
SN80,23
SN81,13
SN82,16
SN83,17
SN84,20
SN85,12
SN86,6
SN87,10
SN88,16
SN89,18
SN90,20
SN91,16
SN92,17
SN93,15
SN94,11
SN95,17
SN96,16
SN97,13
SN98,19
SN99,17
SO00,22
SO01,12
SO02,24
SO03,16
SO04,17
SO05,22
SO06,13
SO07,14
SO08,18
SO09,19
SO10,22
SO11,23
SO12,21
SO13,22
SO14,17
SO15,16
SO16,19
SO17,16
SO18,21
SO19,21
SO20,25
SO21,24
SO22,18
SO23,18
SO24,25
SO25,23
SO26,22
SO27,19
SO28,25
SO29,24
SO30,25
SO31,25
SO32,25
SO33,25
SO34,25
SO35,25
SO36,25
SO37,25
SO38,25
SO39,25
SO40,25
SO41,25
SO42,25
SO43,25
SO44,25
SO45,25
SO46,25
SO47,25
SO48,20
SO49,21
SO50,25
SO51,25
SO52,25
SO53,25
SO54,25
SO55,25
SO56,25
SO57,24
SO58,23
SO59,25
SO60,25
SO61,25
SO62,25
SO63,25
SO64,25
SO65,25
SO66,25
SO67,24
SO68,22
SO69,25
SO70,25
SO71,25
SO72,25
SO73,25
SO74,25
SO75,25
SO76,25
SO77,25
SO78,25
SO79,24
SO80,25
SO81,25
SO82,25
SO83,25
SO84,25
SO85,25
SO86,25
SO87,25
SO88,25
SO89,25
SO90,25
SO91,25
SO92,25
SO93,25
SO94,25
SO95,25
SO96,25
SO97,25
SO98,25
SO99,25
SP00,25
SP01,25
SP02,25
SP03,25
SP04,25
SP05,25
SP06,25
SP07,25
SP08,25
SP09,25
SP10,25
SP11,25
SP12,25
SP13,25
SP14,25
SP15,25
SP16,25
SP17,25
SP18,25
SP19,25
SP20,25
SP21,25
SP22,25
SP23,25
SP24,25
SP25,25
SP26,25
SP27,25
SP28,25
SP29,25
SP30,25
SP31,25
SP32,25
SP33,25
SP34,25
SP35,25
SP36,25
SP37,25
SP38,25
SP39,25
SP40,25
SP41,25
SP42,25
SP43,25
SP44,25
SP45,25
SP46,25
SP47,25
SP48,25
SP49,25
SP50,25
SP51,25
SP52,25
SP53,24
SP54,24
SP55,24
SP56,25
SP57,24
SP58,25
SP59,25
SP60,25
SP61,25
SP62,25
SP63,25
SP64,23
SP65,22
SP66,25
SP67,25
SP68,24
SP69,25
SP70,25
SP71,25
SP72,25
SP73,25
SP74,25
SP75,24
SP76,25
SP77,25
SP78,25
SP79,25
SP80,25
SP81,25
SP82,25
SP83,25
SP84,25
SP85,23
SP86,24
SP87,25
SP88,25
SP89,25
SP90,25
SP91,25
SP92,25
SP93,25
SP94,25
SP95,25
SP96,25
SP97,23
SP98,25
SP99,24
SR89,3
SR99,10
SS09,5
SS10,3
SS11,2
SS14,4
SS19,5
SS20,25
SS21,25
SS22,17
SS30,25
SS31,25
SS32,15
SS38,1
SS39,1
SS40,24
SS41,25
SS42,25
SS43,17
SS44,13
SS48,13
SS49,14
SS50,25
SS51,25
SS52,25
SS53,25
SS54,23
SS58,11
SS59,25
SS60,25
SS61,25
SS62,25
SS63,25
SS64,25
SS68,3
SS69,23
SS70,25
SS71,25
SS72,25
SS73,25
SS74,25
SS75,3
SS77,1
SS78,10
SS79,23
SS80,25
SS81,25
SS82,25
SS83,25
SS84,25
SS87,6
SS88,20
SS89,19
SS90,25
SS91,25
SS92,25
SS93,25
SS94,23
SS96,9
SS97,19
SS98,20
SS99,15
ST00,25
ST01,25
ST02,25
ST03,25
ST04,11
ST06,12
ST07,20
ST08,17
ST09,20
ST10,25
ST11,25
ST12,25
ST13,25
ST14,15
ST16,7
ST17,21
ST18,22
ST19,19
ST20,25
ST21,25
ST22,25
ST23,25
ST24,19
ST25,6
ST26,3
ST27,7
ST28,24
ST29,25
ST30,25
ST31,25
ST32,25
ST33,25
ST34,25
ST35,25
ST36,20
ST37,1
ST38,22
ST39,25
ST40,25
ST41,25
ST42,25
ST43,25
ST44,25
ST45,25
ST46,25
ST47,17
ST48,15
ST49,25
ST50,25
ST51,25
ST52,25
ST53,25
ST54,25
ST55,25
ST56,25
ST57,25
ST58,21
ST59,23
ST60,25
ST61,25
ST62,25
ST63,25
ST64,25
ST65,25
ST66,25
ST67,25
ST68,25
ST69,25
ST70,25
ST71,25
ST72,25
ST73,25
ST74,25
ST75,25
ST76,25
ST77,25
ST78,25
ST79,25
ST80,25
ST81,25
ST82,25
ST83,25
ST84,25
ST85,25
ST86,25
ST87,25
ST88,23
ST89,25
ST90,25
ST91,25
ST92,25
ST93,25
ST94,25
ST95,25
ST96,25
ST97,25
ST98,25
ST99,25
SU00,25
SU01,25
SU02,25
SU03,25
SU04,25
SU05,25
SU06,25
SU07,25
SU08,25
SU09,25
SU10,25
SU11,25
SU12,25
SU13,25
SU14,25
SU15,25
SU16,25
SU17,25
SU18,25
SU19,25
SU20,25
SU21,25
SU22,25
SU23,25
SU24,25
SU25,25
SU26,25
SU27,25
SU28,25
SU29,25
SU30,25
SU31,25
SU32,25
SU33,25
SU34,25
SU35,25
SU36,23
SU37,24
SU38,25
SU39,25
SU40,25
SU41,25
SU42,25
SU43,25
SU44,25
SU45,25
SU46,24
SU47,23
SU48,25
SU49,25
SU50,23
SU51,25
SU52,25
SU53,25
SU54,25
SU55,25
SU56,24
SU57,25
SU58,25
SU59,24
SU60,25
SU61,25
SU62,25
SU63,25
SU64,25
SU65,25
SU66,25
SU67,23
SU68,25
SU69,25
SU70,25
SU71,25
SU72,25
SU73,25
SU74,25
SU75,25
SU76,25
SU77,25
SU78,25
SU79,25
SU80,25
SU81,25
SU82,25
SU83,25
SU84,25
SU85,25
SU86,25
SU87,25
SU88,25
SU89,25
SU90,25
SU91,25
SU92,25
SU93,25
SU94,25
SU95,25
SU96,25
SU97,25
SU98,25
SU99,25
SV80,4
SV81,6
SV90,1
SV91,7
SW32,14
SW33,8
SW42,15
SW43,24
SW44,2
SW52,8
SW53,25
SW54,5
SW61,9
SW62,20
SW63,25
SW64,17
SW65,1
SW71,14
SW72,25
SW73,25
SW74,25
SW75,17
SW76,3
SW81,1
SW82,3
SW83,23
SW84,25
SW85,25
SW86,20
SW87,12
SW93,6
SW94,25
SW95,25
SW96,25
SW97,25
SW98,3
SX03,1
SX04,11
SX05,24
SX06,25
SX07,25
SX08,18
SX09,2
SX14,1
SX15,25
SX16,25
SX17,25
SX18,23
SX19,21
SX25,22
SX26,25
SX27,25
SX28,25
SX29,25
SX35,21
SX36,25
SX37,25
SX38,25
SX39,25
SX44,4
SX45,24
SX46,25
SX47,25
SX48,25
SX49,25
SX54,11
SX55,25
SX56,23
SX57,22
SX58,17
SX59,25
SX63,3
SX64,19
SX65,25
SX66,15
SX67,23
SX68,17
SX69,25
SX73,12
SX74,25
SX75,25
SX76,25
SX77,25
SX78,25
SX79,25
SX83,3
SX84,15
SX85,25
SX86,25
SX87,25
SX88,25
SX89,25
SX94,1
SX95,9
SX96,10
SX97,18
SX98,25
SX99,25
SY07,2
SY08,24
SY09,25
SY18,9
SY19,25
SY28,6
SY29,25
SY39,22
SY48,2
SY49,25
SY58,15
SY59,25
SY66,2
SY67,13
SY68,25
SY69,25
SY77,3
SY78,25
SY79,25
SY87,4
SY88,25
SY89,25
SY97,12
SY98,25
SY99,25
SZ07,5
SZ08,15
SZ09,25
SZ19,25
SZ28,1
SZ29,22
SZ38,15
SZ39,19
SZ47,6
SZ48,25
SZ49,18
SZ57,11
SZ58,24
SZ59,15
SZ68,8
SZ69,9
SZ79,7
SZ89,17
SZ99,5
T00,15
T01,24
T02,23
T03,25
T04,25
T05,25
T06,21
T07,8
T08,5
T09,3
T10,9
T11,7
T12,5
T13,17
T14,25
T15,25
T16,25
T17,13
T18,6
T19,6
T24,5
T25,5
T26,11
T27,10
T28,1
T29,7
T37,1
T38,2
T39,3
TA00,25
TA01,25
TA02,22
TA03,24
TA04,20
TA05,17
TA06,17
TA07,15
TA08,21
TA09,8
TA10,25
TA11,25
TA12,18
TA13,23
TA14,22
TA15,12
TA16,17
TA17,10
TA18,3
TA20,25
TA21,16
TA22,11
TA23,10
TA24,5
TA26,3
TA27,4
TA30,16
TA31,7
TA32,16
TA33,2
TA40,1
TA41,6
TF00,25
TF01,25
TF02,25
TF03,25
TF04,23
TF05,24
TF06,25
TF07,25
TF08,25
TF09,25
TF10,25
TF11,23
TF12,20
TF13,25
TF14,25
TF15,25
TF16,25
TF17,25
TF18,25
TF19,25
TF20,25
TF21,25
TF22,25
TF23,23
TF24,25
TF25,25
TF26,25
TF27,25
TF28,25
TF29,25
TF30,25
TF31,25
TF32,25
TF33,24
TF34,24
TF35,25
TF36,25
TF37,23
TF38,25
TF39,25
TF40,25
TF41,25
TF42,25
TF43,8
TF44,10
TF45,25
TF46,25
TF47,25
TF48,25
TF49,15
TF50,25
TF51,25
TF52,19
TF55,10
TF56,20
TF57,17
TF58,6
TF60,25
TF61,25
TF62,24
TF63,14
TF64,5
TF70,25
TF71,25
TF72,25
TF73,25
TF74,15
TF80,25
TF81,25
TF82,25
TF83,25
TF84,16
TF90,25
TF91,25
TF92,25
TF93,25
TF94,14
TG00,25
TG01,25
TG02,25
TG03,25
TG04,15
TG10,25
TG11,25
TG12,25
TG13,25
TG14,10
TG20,25
TG21,25
TG22,25
TG23,25
TG24,5
TG30,25
TG31,25
TG32,25
TG33,14
TG40,25
TG41,25
TG42,19
TG50,10
TG51,8
TL00,25
TL01,25
TL02,25
TL03,25
TL04,25
TL05,25
TL06,25
TL07,23
TL08,23
TL09,25
TL10,25
TL11,25
TL12,25
TL13,25
TL14,25
TL15,25
TL16,25
TL17,25
TL18,25
TL19,25
TL20,25
TL21,25
TL22,25
TL23,25
TL24,25
TL25,25
TL26,25
TL27,25
TL28,25
TL29,25
TL30,25
TL31,25
TL32,25
TL33,25
TL34,25
TL35,25
TL36,25
TL37,25
TL38,25
TL39,25
TL40,25
TL41,25
TL42,25
TL43,25
TL44,25
TL45,25
TL46,25
TL47,25
TL48,25
TL49,25
TL50,25
TL51,25
TL52,25
TL53,24
TL54,21
TL55,25
TL56,25
TL57,25
TL58,25
TL59,25
TL60,25
TL61,25
TL62,24
TL63,22
TL64,23
TL65,25
TL66,25
TL67,25
TL68,25
TL69,25
TL70,25
TL71,25
TL72,25
TL73,23
TL74,24
TL75,25
TL76,23
TL77,25
TL78,24
TL79,25
TL80,25
TL81,25
TL82,25
TL83,25
TL84,25
TL85,25
TL86,25
TL87,25
TL88,25
TL89,25
TL90,24
TL91,25
TL92,25
TL93,25
TL94,25
TL95,25
TL96,24
TL97,25
TL98,25
TL99,25
TM00,11
TM01,18
TM02,25
TM03,25
TM04,25
TM05,25
TM06,25
TM07,25
TM08,25
TM09,25
TM11,19
TM12,25
TM13,24
TM14,25
TM15,25
TM16,25
TM17,25
TM18,25
TM19,25
TM21,5
TM22,16
TM23,25
TM24,24
TM25,24
TM26,25
TM27,25
TM28,25
TM29,25
TM33,7
TM34,21
TM35,24
TM36,25
TM37,25
TM38,25
TM39,25
TM44,4
TM45,17
TM46,20
TM47,25
TM48,25
TM49,25
TM57,3
TM58,10
TM59,15
TQ00,25
TQ01,25
TQ02,25
TQ03,25
TQ04,25
TQ05,25
TQ06,25
TQ07,25
TQ08,25
TQ09,25
TQ10,22
TQ11,25
TQ12,25
TQ13,25
TQ14,25
TQ15,25
TQ16,25
TQ17,25
TQ18,25
TQ19,25
TQ20,15
TQ21,25
TQ22,25
TQ23,25
TQ24,25
TQ25,25
TQ26,25
TQ27,25
TQ28,25
TQ29,25
TQ30,22
TQ31,25
TQ32,25
TQ33,25
TQ34,25
TQ35,25
TQ36,25
TQ37,25
TQ38,25
TQ39,25
TQ40,25
TQ41,25
TQ42,25
TQ43,25
TQ44,25
TQ45,25
TQ46,25
TQ47,25
TQ48,25
TQ49,25
TQ50,25
TQ51,25
TQ52,25
TQ53,25
TQ54,25
TQ55,25
TQ56,25
TQ57,25
TQ58,25
TQ59,25
TQ60,21
TQ61,25
TQ62,25
TQ63,25
TQ64,25
TQ65,25
TQ66,25
TQ67,25
TQ68,25
TQ69,25
TQ70,9
TQ71,25
TQ72,25
TQ73,25
TQ74,25
TQ75,25
TQ76,25
TQ77,25
TQ78,19
TQ79,25
TQ80,2
TQ81,24
TQ82,25
TQ83,25
TQ84,25
TQ85,25
TQ86,25
TQ87,19
TQ88,16
TQ89,22
TQ91,10
TQ92,25
TQ93,25
TQ94,25
TQ95,25
TQ96,25
TQ97,13
TQ98,13
TQ99,25
TR01,10
TR02,25
TR03,25
TR04,25
TR05,25
TR06,21
TR07,5
TR08,1
TR09,12
TR12,1
TR13,20
TR14,25
TR15,25
TR16,23
TR23,10
TR24,25
TR25,25
TR26,25
TR27,1
TR33,1
TR34,20
TR35,21
TR36,21
TR37,5
TR46,1
TV49,5
TV59,13
TV69,3
V26,1
V29,3
V36,3
V37,6
V39,1
V43,1
V44,1
V45,1
V46,5
V47,5
V48,5
V49,4
V54,6
V55,5
V56,7
V57,2
V58,6
V59,1
V64,7
V65,7
V66,6
V67,4
V68,4
V69,6
V72,6
V73,3
V74,6
V75,11
V76,10
V77,5
V78,10
V79,3
V82,2
V83,6
V84,4
V85,7
V86,7
V87,7
V88,11
V89,5
V92,7
V93,7
V94,6
V95,8
V96,4
V97,5
V98,16
V99,4
W02,9
W03,5
W04,4
W05,7
W06,3
W07,3
W08,11
W09,6
W12,5
W13,10
W14,5
W15,3
W16,5
W17,2
W18,6
W19,9
W23,8
W24,3
W25,7
W26,4
W27,6
W28,3
W29,6
W33,7
W34,1
W35,6
W36,4
W37,4
W38,6
W39,5
W43,3
W44,4
W45,7
W46,3
W47,4
W48,4
W49,3
W53,3
W54,7
W55,10
W56,10
W57,5
W58,3
W59,6
W63,1
W64,6
W65,12
W66,13
W67,18
W68,17
W69,11
W74,1
W75,6
W76,11
W77,12
W78,12
W79,15
W85,2
W86,11
W87,16
W88,13
W89,11
W96,12
W97,12
W98,13
W99,19
X06,4
X07,12
X08,23
X09,25
X17,10
X18,25
X19,25
X27,2
X28,24
X29,24
X38,1
X39,15
X49,6
X59,4
X69,6
X79,4
X99,2
WA40,1
WA50,6
WA60,1
WV27,10
WV28,1
WV37,7
WV38,9
WV47,5
WV54,4
WV55,10
WV64,9
WV65,18
WV74,2
WV75,3
WV81,1
