GridRef,x,y
NF09,"5000","895000"
NA00,"5000","905000"
NF19,"15000","895000"
NA10,"15000","905000"
NL57,"55000","775000"
NL58,"55000","785000"
NF56,"55000","865000"
NL68,"65000","785000"
NL69,"65000","795000"
NF60,"65000","805000"
NF61,"65000","815000"
NF63,"65000","835000"
NF66,"65000","865000"
NF67,"65000","875000"
NL79,"75000","795000"
NF70,"75000","805000"
NF71,"75000","815000"
NF72,"75000","825000"
NF73,"75000","835000"
NF74,"75000","845000"
NF75,"75000","855000"
NF76,"75000","865000"
NF77,"75000","875000"
NA74,"75000","945000"
SV80,"85000","5000"
SV81,"85000","15000"
NF80,"85000","805000"
NF81,"85000","815000"
NF82,"85000","825000"
NF83,"85000","835000"
NF84,"85000","845000"
NF85,"85000","855000"
NF86,"85000","865000"
NF87,"85000","875000"
NF88,"85000","885000"
NF89,"85000","895000"
SV90,"95000","5000"
SV91,"95000","15000"
NL93,"95000","735000"
NL94,"95000","745000"
NF95,"95000","855000"
NF96,"95000","865000"
NF97,"95000","875000"
NF98,"95000","885000"
NF99,"95000","895000"
NA90,"95000","905000"
NA91,"95000","915000"
NA92,"95000","925000"
NA93,"95000","935000"
SM06,"105000","265000"
SM07,"105000","275000"
SM08,"105000","285000"
SM09,"105000","295000"
NW00,"105000","505000"
NW01,"105000","515000"
NW02,"105000","525000"
NW03,"105000","535000"
NW04,"105000","545000"
NW05,"105000","555000"
NW06,"105000","565000"
NW07,"105000","575000"
NW08,"105000","585000"
NW09,"105000","595000"
NR00,"105000","605000"
NM04,"105000","745000"
NM05,"105000","755000"
NG07,"105000","875000"
NG08,"105000","885000"
NG09,"105000","895000"
NB00,"105000","905000"
NB01,"105000","915000"
NB02,"105000","925000"
NB03,"105000","935000"
NB04,"105000","945000"
SM19,"115000","295000"
NW10,"115000","505000"
NW11,"115000","515000"
NW12,"115000","525000"
NW13,"115000","535000"
NW14,"115000","545000"
NW15,"115000","555000"
NW16,"115000","565000"
NW17,"115000","575000"
NW18,"115000","585000"
NW19,"115000","595000"
NR10,"115000","605000"
NR15,"115000","655000"
NR16,"115000","665000"
NM14,"115000","745000"
NM15,"115000","755000"
NM16,"115000","765000"
NG10,"115000","805000"
NG13,"115000","835000"
NG14,"115000","845000"
NG15,"115000","855000"
NG18,"115000","885000"
NG19,"115000","895000"
NB10,"115000","905000"
NB11,"115000","915000"
NB12,"115000","925000"
NB13,"115000","935000"
NB14,"115000","945000"
NW20,"125000","505000"
NW21,"125000","515000"
NW22,"125000","525000"
NW23,"125000","535000"
NW24,"125000","545000"
NW25,"125000","555000"
NW26,"125000","565000"
NW27,"125000","575000"
NW28,"125000","585000"
NW29,"125000","595000"
NR20,"125000","605000"
NR21,"125000","615000"
NR23,"125000","635000"
NR24,"125000","645000"
NR25,"125000","655000"
NR26,"125000","665000"
NR27,"125000","675000"
NM21,"125000","715000"
NM22,"125000","725000"
NM24,"125000","745000"
NM25,"125000","755000"
NM26,"125000","765000"
NM29,"125000","795000"
NG20,"125000","805000"
NG22,"125000","825000"
NG23,"125000","835000"
NG24,"125000","845000"
NG25,"125000","855000"
NG26,"125000","865000"
NG29,"125000","895000"
NB20,"125000","905000"
NB21,"125000","915000"
NB22,"125000","925000"
NB23,"125000","935000"
NB24,"125000","945000"
NB25,"125000","955000"
SW32,"135000","25000"
SW33,"135000","35000"
NW30,"135000","505000"
NW31,"135000","515000"
NW32,"135000","525000"
NW33,"135000","535000"
NW34,"135000","545000"
NW35,"135000","555000"
NW36,"135000","565000"
NW37,"135000","575000"
NW38,"135000","585000"
NW39,"135000","595000"
NR30,"135000","605000"
NR31,"135000","615000"
NR33,"135000","635000"
NR34,"135000","645000"
NR35,"135000","655000"
NR36,"135000","665000"
NR37,"135000","675000"
NR38,"135000","685000"
NR39,"135000","695000"
NM31,"135000","715000"
NM32,"135000","725000"
NM33,"135000","735000"
NM34,"135000","745000"
NM35,"135000","755000"
NM36,"135000","765000"
NM37,"135000","775000"
NM38,"135000","785000"
NM39,"135000","795000"
NG30,"135000","805000"
NG31,"135000","815000"
NG32,"135000","825000"
NG33,"135000","835000"
NG34,"135000","845000"
NG35,"135000","855000"
NG36,"135000","865000"
NG37,"135000","875000"
NG39,"135000","895000"
NB30,"135000","905000"
NB31,"135000","915000"
NB32,"135000","925000"
NB33,"135000","935000"
NB34,"135000","945000"
NB35,"135000","955000"
SW42,"145000","25000"
SW43,"145000","35000"
SW44,"145000","45000"
NW40,"145000","505000"
NW41,"145000","515000"
NW42,"145000","525000"
NW43,"145000","535000"
NW44,"145000","545000"
NW45,"145000","555000"
NW46,"145000","565000"
NW47,"145000","575000"
NW48,"145000","585000"
NW49,"145000","595000"
NR44,"145000","645000"
NR45,"145000","655000"
NR46,"145000","665000"
NR47,"145000","675000"
NR48,"145000","685000"
NR49,"145000","695000"
NM40,"145000","705000"
NM41,"145000","715000"
NM42,"145000","725000"
NM43,"145000","735000"
NM44,"145000","745000"
NM45,"145000","755000"
NM46,"145000","765000"
NM47,"145000","775000"
NM48,"145000","785000"
NM49,"145000","795000"
NG40,"145000","805000"
NG41,"145000","815000"
NG42,"145000","825000"
NG43,"145000","835000"
NG44,"145000","845000"
NG45,"145000","855000"
NG46,"145000","865000"
NG47,"145000","875000"
NG49,"145000","895000"
NB40,"145000","905000"
NB41,"145000","915000"
NB42,"145000","925000"
NB43,"145000","935000"
NB44,"145000","945000"
NB45,"145000","955000"
NB46,"145000","965000"
SW52,"155000","25000"
SW53,"155000","35000"
SW54,"155000","45000"
NW50,"155000","505000"
NW51,"155000","515000"
NW52,"155000","525000"
NW53,"155000","535000"
NW54,"155000","545000"
NW55,"155000","555000"
NW56,"155000","565000"
NW57,"155000","575000"
NR50,"155000","605000"
NR51,"155000","615000"
NR56,"155000","665000"
NR57,"155000","675000"
NR58,"155000","685000"
NR59,"155000","695000"
NM51,"155000","715000"
NM52,"155000","725000"
NM53,"155000","735000"
NM54,"155000","745000"
NM55,"155000","755000"
NM56,"155000","765000"
NM57,"155000","775000"
NM58,"155000","785000"
NM59,"155000","795000"
NG50,"155000","805000"
NG51,"155000","815000"
NG52,"155000","825000"
NG53,"155000","835000"
NG54,"155000","845000"
NG55,"155000","855000"
NG56,"155000","865000"
NB52,"155000","925000"
NB53,"155000","935000"
NB54,"155000","945000"
NB55,"155000","955000"
NB56,"155000","965000"
SW61,"165000","15000"
SW62,"165000","25000"
SW63,"165000","35000"
SW64,"165000","45000"
SW65,"165000","55000"
SM62,"165000","225000"
NW60,"165000","505000"
NW61,"165000","515000"
NW62,"165000","525000"
NW63,"165000","535000"
NW64,"165000","545000"
NW65,"165000","555000"
NR60,"165000","605000"
NR61,"165000","615000"
NR62,"165000","625000"
NR63,"165000","635000"
NR64,"165000","645000"
NR65,"165000","655000"
NR66,"165000","665000"
NR67,"165000","675000"
NR68,"165000","685000"
NR69,"165000","695000"
NM60,"165000","705000"
NM61,"165000","715000"
NM62,"165000","725000"
NM63,"165000","735000"
NM64,"165000","745000"
NM65,"165000","755000"
NM66,"165000","765000"
NM67,"165000","775000"
NM68,"165000","785000"
NM69,"165000","795000"
NG60,"165000","805000"
NG61,"165000","815000"
NG62,"165000","825000"
NG63,"165000","835000"
NG64,"165000","845000"
NG65,"165000","855000"
NG66,"165000","865000"
HW62,"165000","1025000"
HW63,"165000","1035000"
SW71,"175000","15000"
SW72,"175000","25000"
SW73,"175000","35000"
SW74,"175000","45000"
SW75,"175000","55000"
SW76,"175000","65000"
SM70,"175000","205000"
SM71,"175000","215000"
SM72,"175000","225000"
SM73,"175000","235000"
NW70,"175000","505000"
NW71,"175000","515000"
NW72,"175000","525000"
NW73,"175000","535000"
NR70,"175000","605000"
NR71,"175000","615000"
NR72,"175000","625000"
NR73,"175000","635000"
NR74,"175000","645000"
NR75,"175000","655000"
NR76,"175000","665000"
NR77,"175000","675000"
NR78,"175000","685000"
NR79,"175000","695000"
NM70,"175000","705000"
NM71,"175000","715000"
NM72,"175000","725000"
NM73,"175000","735000"
NM74,"175000","745000"
NM75,"175000","755000"
NM76,"175000","765000"
NM77,"175000","775000"
NM78,"175000","785000"
NM79,"175000","795000"
NG70,"175000","805000"
NG71,"175000","815000"
NG72,"175000","825000"
NG73,"175000","835000"
NG74,"175000","845000"
NG75,"175000","855000"
NG76,"175000","865000"
NG77,"175000","875000"
NG78,"175000","885000"
NG79,"175000","895000"
HW73,"175000","1035000"
SW81,"185000","15000"
SW82,"185000","25000"
SW83,"185000","35000"
SW84,"185000","45000"
SW85,"185000","55000"
SW86,"185000","65000"
SW87,"185000","75000"
SR89,"185000","195000"
SM80,"185000","205000"
SM81,"185000","215000"
SM82,"185000","225000"
SM83,"185000","235000"
SM84,"185000","245000"
NR82,"185000","625000"
NR83,"185000","635000"
NR84,"185000","645000"
NR85,"185000","655000"
NR86,"185000","665000"
NR87,"185000","675000"
NR88,"185000","685000"
NR89,"185000","695000"
NM80,"185000","705000"
NM81,"185000","715000"
NM82,"185000","725000"
NM83,"185000","735000"
NM84,"185000","745000"
NM85,"185000","755000"
NM86,"185000","765000"
NM87,"185000","775000"
NM88,"185000","785000"
NM89,"185000","795000"
NG80,"185000","805000"
NG81,"185000","815000"
NG82,"185000","825000"
NG83,"185000","835000"
NG84,"185000","845000"
NG85,"185000","855000"
NG86,"185000","865000"
NG87,"185000","875000"
NG88,"185000","885000"
NG89,"185000","895000"
HW83,"185000","1035000"
SW93,"195000","35000"
SW94,"195000","45000"
SW95,"195000","55000"
SW96,"195000","65000"
SW97,"195000","75000"
SW98,"195000","85000"
SR99,"195000","195000"
SM90,"195000","205000"
SM91,"195000","215000"
SM92,"195000","225000"
SM93,"195000","235000"
SM94,"195000","245000"
NW95,"195000","555000"
NW96,"195000","565000"
NW97,"195000","575000"
NR91,"195000","615000"
NR92,"195000","625000"
NR93,"195000","635000"
NR94,"195000","645000"
NR95,"195000","655000"
NR96,"195000","665000"
NR97,"195000","675000"
NR98,"195000","685000"
NR99,"195000","695000"
NM90,"195000","705000"
NM91,"195000","715000"
NM92,"195000","725000"
NM93,"195000","735000"
NM94,"195000","745000"
NM95,"195000","755000"
NM96,"195000","765000"
NM97,"195000","775000"
NM98,"195000","785000"
NM99,"195000","795000"
NG90,"195000","805000"
NG91,"195000","815000"
NG92,"195000","825000"
NG93,"195000","835000"
NG94,"195000","845000"
NG95,"195000","855000"
NG96,"195000","865000"
NG97,"195000","875000"
NG98,"195000","885000"
NG99,"195000","895000"
NB90,"195000","905000"
NB91,"195000","915000"
NB93,"195000","935000"
SX03,"205000","35000"
SX04,"205000","45000"
SX05,"205000","55000"
SX06,"205000","65000"
SX07,"205000","75000"
SX08,"205000","85000"
SX09,"205000","95000"
SS09,"205000","195000"
SN00,"205000","205000"
SN01,"205000","215000"
SN02,"205000","225000"
SN03,"205000","235000"
SN04,"205000","245000"
SH02,"205000","325000"
NX03,"205000","535000"
NX04,"205000","545000"
NX05,"205000","555000"
NX06,"205000","565000"
NX07,"205000","575000"
NX08,"205000","585000"
NX09,"205000","595000"
NS00,"205000","605000"
NS01,"205000","615000"
NS02,"205000","625000"
NS03,"205000","635000"
NS04,"205000","645000"
NS05,"205000","655000"
NS06,"205000","665000"
NS07,"205000","675000"
NS08,"205000","685000"
NS09,"205000","695000"
NN00,"205000","705000"
NN01,"205000","715000"
NN02,"205000","725000"
NN03,"205000","735000"
NN04,"205000","745000"
NN05,"205000","755000"
NN06,"205000","765000"
NN07,"205000","775000"
NN08,"205000","785000"
NN09,"205000","795000"
NH00,"205000","805000"
NH01,"205000","815000"
NH02,"205000","825000"
NH03,"205000","835000"
NH04,"205000","845000"
NH05,"205000","855000"
NH06,"205000","865000"
NH07,"205000","875000"
NH08,"205000","885000"
NH09,"205000","895000"
NC00,"205000","905000"
NC01,"205000","915000"
NC02,"205000","925000"
NC03,"205000","935000"
SX14,"215000","45000"
SX15,"215000","55000"
SX16,"215000","65000"
SX17,"215000","75000"
SX18,"215000","85000"
SX19,"215000","95000"
SS10,"215000","105000"
SS11,"215000","115000"
SS12,"215000","125000"
SS14,"215000","145000"
SS19,"215000","195000"
SN10,"215000","205000"
SN11,"215000","215000"
SN12,"215000","225000"
SN13,"215000","235000"
SN14,"215000","245000"
SN15,"215000","255000"
SH11,"215000","315000"
SH12,"215000","325000"
SH13,"215000","335000"
SH17,"215000","375000"
SH18,"215000","385000"
SC16,"215000","465000"
SC17,"215000","475000"
NX12,"215000","525000"
NX13,"215000","535000"
NX14,"215000","545000"
NX15,"215000","555000"
NX16,"215000","565000"
NX17,"215000","575000"
NX18,"215000","585000"
NX19,"215000","595000"
NS10,"215000","605000"
NS14,"215000","645000"
NS15,"215000","655000"
NS16,"215000","665000"
NS17,"215000","675000"
NS18,"215000","685000"
NS19,"215000","695000"
NN10,"215000","705000"
NN11,"215000","715000"
NN12,"215000","725000"
NN13,"215000","735000"
NN14,"215000","745000"
NN15,"215000","755000"
NN16,"215000","765000"
NN17,"215000","775000"
NN18,"215000","785000"
NN19,"215000","795000"
NH10,"215000","805000"
NH11,"215000","815000"
NH12,"215000","825000"
NH13,"215000","835000"
NH14,"215000","845000"
NH15,"215000","855000"
NH16,"215000","865000"
NH17,"215000","875000"
NH18,"215000","885000"
NH19,"215000","895000"
NC10,"215000","905000"
NC11,"215000","915000"
NC12,"215000","925000"
NC13,"215000","935000"
NC14,"215000","945000"
NC15,"215000","955000"
NC16,"215000","965000"
SX24,"225000","45000"
SX25,"225000","55000"
SX26,"225000","65000"
SX27,"225000","75000"
SX28,"225000","85000"
SX29,"225000","95000"
SS20,"225000","105000"
SS21,"225000","115000"
SS22,"225000","125000"
SN20,"225000","205000"
SN21,"225000","215000"
SN22,"225000","225000"
SN23,"225000","235000"
SN24,"225000","245000"
SN25,"225000","255000"
SH22,"225000","325000"
SH23,"225000","335000"
SH24,"225000","345000"
SH27,"225000","375000"
SH28,"225000","385000"
SH29,"225000","395000"
SC26,"225000","465000"
SC27,"225000","475000"
SC28,"225000","485000"
SC29,"225000","495000"
NX24,"225000","545000"
NX25,"225000","555000"
NX26,"225000","565000"
NX27,"225000","575000"
NX28,"225000","585000"
NX29,"225000","595000"
NS20,"225000","605000"
NS21,"225000","615000"
NS23,"225000","635000"
NS24,"225000","645000"
NS25,"225000","655000"
NS26,"225000","665000"
NS27,"225000","675000"
NS28,"225000","685000"
NS29,"225000","695000"
NN20,"225000","705000"
NN21,"225000","715000"
NN22,"225000","725000"
NN23,"225000","735000"
NN24,"225000","745000"
NN25,"225000","755000"
NN26,"225000","765000"
NN27,"225000","775000"
NN28,"225000","785000"
NN29,"225000","795000"
NH20,"225000","805000"
NH21,"225000","815000"
NH22,"225000","825000"
NH23,"225000","835000"
NH24,"225000","845000"
NH25,"225000","855000"
NH26,"225000","865000"
NH27,"225000","875000"
NH28,"225000","885000"
NH29,"225000","895000"
NC20,"225000","905000"
NC21,"225000","915000"
NC22,"225000","925000"
NC23,"225000","935000"
NC24,"225000","945000"
NC25,"225000","955000"
NC26,"225000","965000"
NC27,"225000","975000"
SX35,"235000","55000"
SX36,"235000","65000"
SX37,"235000","75000"
SX38,"235000","85000"
SX39,"235000","95000"
SS30,"235000","105000"
SS31,"235000","115000"
SS32,"235000","125000"
SS38,"235000","185000"
SS39,"235000","195000"
SN30,"235000","205000"
SN31,"235000","215000"
SN32,"235000","225000"
SN33,"235000","235000"
SN34,"235000","245000"
SN35,"235000","255000"
SN36,"235000","265000"
SH32,"235000","325000"
SH33,"235000","335000"
SH34,"235000","345000"
SH35,"235000","355000"
SH36,"235000","365000"
SH37,"235000","375000"
SH38,"235000","385000"
SH39,"235000","395000"
SC36,"235000","465000"
SC37,"235000","475000"
SC38,"235000","485000"
SC39,"235000","495000"
NX30,"235000","505000"
NX33,"235000","535000"
NX34,"235000","545000"
NX35,"235000","555000"
NX36,"235000","565000"
NX37,"235000","575000"
NX38,"235000","585000"
NX39,"235000","595000"
NS30,"235000","605000"
NS31,"235000","615000"
NS32,"235000","625000"
NS33,"235000","635000"
NS34,"235000","645000"
NS35,"235000","655000"
NS36,"235000","665000"
NS37,"235000","675000"
NS38,"235000","685000"
NS39,"235000","695000"
NN30,"235000","705000"
NN31,"235000","715000"
NN32,"235000","725000"
NN33,"235000","735000"
NN34,"235000","745000"
NN35,"235000","755000"
NN36,"235000","765000"
NN37,"235000","775000"
NN38,"235000","785000"
NN39,"235000","795000"
NH30,"235000","805000"
NH31,"235000","815000"
NH32,"235000","825000"
NH33,"235000","835000"
NH34,"235000","845000"
NH35,"235000","855000"
NH36,"235000","865000"
NH37,"235000","875000"
NH38,"235000","885000"
NH39,"235000","895000"
NC30,"235000","905000"
NC31,"235000","915000"
NC32,"235000","925000"
NC33,"235000","935000"
NC34,"235000","945000"
NC35,"235000","955000"
NC36,"235000","965000"
NC37,"235000","975000"
SX44,"245000","45000"
SX45,"245000","55000"
SX46,"245000","65000"
SX47,"245000","75000"
SX48,"245000","85000"
SX49,"245000","95000"
SS40,"245000","105000"
SS41,"245000","115000"
SS42,"245000","125000"
SS43,"245000","135000"
SS44,"245000","145000"
SS48,"245000","185000"
SS49,"245000","195000"
SN40,"245000","205000"
SN41,"245000","215000"
SN42,"245000","225000"
SN43,"245000","235000"
SN44,"245000","245000"
SN45,"245000","255000"
SN46,"245000","265000"
SH43,"245000","335000"
SH44,"245000","345000"
SH45,"245000","355000"
SH46,"245000","365000"
SH47,"245000","375000"
SH48,"245000","385000"
SH49,"245000","395000"
SC47,"245000","475000"
SC48,"245000","485000"
SC49,"245000","495000"
NX40,"245000","505000"
NX43,"245000","535000"
NX44,"245000","545000"
NX45,"245000","555000"
NX46,"245000","565000"
NX47,"245000","575000"
NX48,"245000","585000"
NX49,"245000","595000"
NS40,"245000","605000"
NS41,"245000","615000"
NS42,"245000","625000"
NS43,"245000","635000"
NS44,"245000","645000"
NS45,"245000","655000"
NS46,"245000","665000"
NS47,"245000","675000"
NS48,"245000","685000"
NS49,"245000","695000"
NN40,"245000","705000"
NN41,"245000","715000"
NN42,"245000","725000"
NN43,"245000","735000"
NN44,"245000","745000"
NN45,"245000","755000"
NN46,"245000","765000"
NN47,"245000","775000"
NN48,"245000","785000"
NN49,"245000","795000"
NH40,"245000","805000"
NH41,"245000","815000"
NH42,"245000","825000"
NH43,"245000","835000"
NH44,"245000","845000"
NH45,"245000","855000"
NH46,"245000","865000"
NH47,"245000","875000"
NH48,"245000","885000"
NH49,"245000","895000"
NC40,"245000","905000"
NC41,"245000","915000"
NC42,"245000","925000"
NC43,"245000","935000"
NC44,"245000","945000"
NC45,"245000","955000"
NC46,"245000","965000"
NC47,"245000","975000"
SX54,"255000","45000"
SX55,"255000","55000"
SX56,"255000","65000"
SX57,"255000","75000"
SX58,"255000","85000"
SX59,"255000","95000"
SS50,"255000","105000"
SS51,"255000","115000"
SS52,"255000","125000"
SS53,"255000","135000"
SS54,"255000","145000"
SS58,"255000","185000"
SS59,"255000","195000"
SN50,"255000","205000"
SN51,"255000","215000"
SN52,"255000","225000"
SN53,"255000","235000"
SN54,"255000","245000"
SN55,"255000","255000"
SN56,"255000","265000"
SN57,"255000","275000"
SN58,"255000","285000"
SN59,"255000","295000"
SH50,"255000","305000"
SH51,"255000","315000"
SH52,"255000","325000"
SH53,"255000","335000"
SH54,"255000","345000"
SH55,"255000","355000"
SH56,"255000","365000"
SH57,"255000","375000"
SH58,"255000","385000"
SC59,"255000","495000"
NX54,"255000","545000"
NX55,"255000","555000"
NX56,"255000","565000"
NX57,"255000","575000"
NX58,"255000","585000"
NX59,"255000","595000"
NS50,"255000","605000"
NS51,"255000","615000"
NS52,"255000","625000"
NS53,"255000","635000"
NS54,"255000","645000"
NS55,"255000","655000"
NS56,"255000","665000"
NS57,"255000","675000"
NS58,"255000","685000"
NS59,"255000","695000"
NN50,"255000","705000"
NN51,"255000","715000"
NN52,"255000","725000"
NN53,"255000","735000"
NN54,"255000","745000"
NN55,"255000","755000"
NN56,"255000","765000"
NN57,"255000","775000"
NN58,"255000","785000"
NN59,"255000","795000"
NH50,"255000","805000"
NH51,"255000","815000"
NH52,"255000","825000"
NH53,"255000","835000"
NH54,"255000","845000"
NH55,"255000","855000"
NH56,"255000","865000"
NH57,"255000","875000"
NH58,"255000","885000"
NH59,"255000","895000"
NC50,"255000","905000"
NC51,"255000","915000"
NC52,"255000","925000"
NC53,"255000","935000"
NC54,"255000","945000"
NC55,"255000","955000"
NC56,"255000","965000"
SX63,"265000","35000"
SX64,"265000","45000"
SX65,"265000","55000"
SX66,"265000","65000"
SX67,"265000","75000"
SX68,"265000","85000"
SX69,"265000","95000"
SS60,"265000","105000"
SS61,"265000","115000"
SS62,"265000","125000"
SS63,"265000","135000"
SS64,"265000","145000"
SS65,"265000","155000"
SS68,"265000","185000"
SS69,"265000","195000"
SN60,"265000","205000"
SN61,"265000","215000"
SN62,"265000","225000"
SN63,"265000","235000"
SN64,"265000","245000"
SN65,"265000","255000"
SN66,"265000","265000"
SN67,"265000","275000"
SN68,"265000","285000"
SN69,"265000","295000"
SH60,"265000","305000"
SH61,"265000","315000"
SH62,"265000","325000"
SH63,"265000","335000"
SH64,"265000","345000"
SH65,"265000","355000"
SH66,"265000","365000"
SH67,"265000","375000"
SH68,"265000","385000"
NX64,"265000","545000"
NX65,"265000","555000"
NX66,"265000","565000"
NX67,"265000","575000"
NX68,"265000","585000"
NX69,"265000","595000"
NS60,"265000","605000"
NS61,"265000","615000"
NS62,"265000","625000"
NS63,"265000","635000"
NS64,"265000","645000"
NS65,"265000","655000"
NS66,"265000","665000"
NS67,"265000","675000"
NS68,"265000","685000"
NS69,"265000","695000"
NN60,"265000","705000"
NN61,"265000","715000"
NN62,"265000","725000"
NN63,"265000","735000"
NN64,"265000","745000"
NN65,"265000","755000"
NN66,"265000","765000"
NN67,"265000","775000"
NN68,"265000","785000"
NN69,"265000","795000"
NH60,"265000","805000"
NH61,"265000","815000"
NH62,"265000","825000"
NH63,"265000","835000"
NH64,"265000","845000"
NH65,"265000","855000"
NH66,"265000","865000"
NH67,"265000","875000"
NH68,"265000","885000"
NH69,"265000","895000"
NC60,"265000","905000"
NC61,"265000","915000"
NC62,"265000","925000"
NC63,"265000","935000"
NC64,"265000","945000"
NC65,"265000","955000"
NC66,"265000","965000"
HX62,"265000","1025000"
SX73,"275000","35000"
SX74,"275000","45000"
SX75,"275000","55000"
SX76,"275000","65000"
SX77,"275000","75000"
SX78,"275000","85000"
SX79,"275000","95000"
SS70,"275000","105000"
SS71,"275000","115000"
SS72,"275000","125000"
SS73,"275000","135000"
SS74,"275000","145000"
SS75,"275000","155000"
SS77,"275000","175000"
SS78,"275000","185000"
SS79,"275000","195000"
SN70,"275000","205000"
SN71,"275000","215000"
SN72,"275000","225000"
SN73,"275000","235000"
SN74,"275000","245000"
SN75,"275000","255000"
SN76,"275000","265000"
SN77,"275000","275000"
SN78,"275000","285000"
SN79,"275000","295000"
SH70,"275000","305000"
SH71,"275000","315000"
SH72,"275000","325000"
SH73,"275000","335000"
SH74,"275000","345000"
SH75,"275000","355000"
SH76,"275000","365000"
SH77,"275000","375000"
SH78,"275000","385000"
NX74,"275000","545000"
NX75,"275000","555000"
NX76,"275000","565000"
NX77,"275000","575000"
NX78,"275000","585000"
NX79,"275000","595000"
NS70,"275000","605000"
NS71,"275000","615000"
NS72,"275000","625000"
NS73,"275000","635000"
NS74,"275000","645000"
NS75,"275000","655000"
NS76,"275000","665000"
NS77,"275000","675000"
NS78,"275000","685000"
NS79,"275000","695000"
NN70,"275000","705000"
NN71,"275000","715000"
NN72,"275000","725000"
NN73,"275000","735000"
NN74,"275000","745000"
NN75,"275000","755000"
NN76,"275000","765000"
NN77,"275000","775000"
NN78,"275000","785000"
NN79,"275000","795000"
NH70,"275000","805000"
NH71,"275000","815000"
NH72,"275000","825000"
NH73,"275000","835000"
NH74,"275000","845000"
NH75,"275000","855000"
NH76,"275000","865000"
NH77,"275000","875000"
NH78,"275000","885000"
NH79,"275000","895000"
NC70,"275000","905000"
NC71,"275000","915000"
NC72,"275000","925000"
NC73,"275000","935000"
NC74,"275000","945000"
NC75,"275000","955000"
NC76,"275000","965000"
SX83,"285000","35000"
SX84,"285000","45000"
SX85,"285000","55000"
SX86,"285000","65000"
SX87,"285000","75000"
SX88,"285000","85000"
SX89,"285000","95000"
SS80,"285000","105000"
SS81,"285000","115000"
SS82,"285000","125000"
SS83,"285000","135000"
SS84,"285000","145000"
SS85,"285000","155000"
SS86,"285000","165000"
SS87,"285000","175000"
SS88,"285000","185000"
SS89,"285000","195000"
SN80,"285000","205000"
SN81,"285000","215000"
SN82,"285000","225000"
SN83,"285000","235000"
SN84,"285000","245000"
SN85,"285000","255000"
SN86,"285000","265000"
SN87,"285000","275000"
SN88,"285000","285000"
SN89,"285000","295000"
SH80,"285000","305000"
SH81,"285000","315000"
SH82,"285000","325000"
SH83,"285000","335000"
SH84,"285000","345000"
SH85,"285000","355000"
SH86,"285000","365000"
SH87,"285000","375000"
SH88,"285000","385000"
NX84,"285000","545000"
NX85,"285000","555000"
NX86,"285000","565000"
NX87,"285000","575000"
NX88,"285000","585000"
NX89,"285000","595000"
NS80,"285000","605000"
NS81,"285000","615000"
NS82,"285000","625000"
NS83,"285000","635000"
NS84,"285000","645000"
NS85,"285000","655000"
NS86,"285000","665000"
NS87,"285000","675000"
NS88,"285000","685000"
NS89,"285000","695000"
NN80,"285000","705000"
NN81,"285000","715000"
NN82,"285000","725000"
NN83,"285000","735000"
NN84,"285000","745000"
NN85,"285000","755000"
NN86,"285000","765000"
NN87,"285000","775000"
NN88,"285000","785000"
NN89,"285000","795000"
NH80,"285000","805000"
NH81,"285000","815000"
NH82,"285000","825000"
NH83,"285000","835000"
NH84,"285000","845000"
NH85,"285000","855000"
NH86,"285000","865000"
NH87,"285000","875000"
NH88,"285000","885000"
NH89,"285000","895000"
NC80,"285000","905000"
NC81,"285000","915000"
NC82,"285000","925000"
NC83,"285000","935000"
NC84,"285000","945000"
NC85,"285000","955000"
NC86,"285000","965000"
NC87,"285000","975000"
SX94,"295000","45000"
SX95,"295000","55000"
SX96,"295000","65000"
SX97,"295000","75000"
SX98,"295000","85000"
SX99,"295000","95000"
SS90,"295000","105000"
SS91,"295000","115000"
SS92,"295000","125000"
SS93,"295000","135000"
SS94,"295000","145000"
SS95,"295000","155000"
SS96,"295000","165000"
SS97,"295000","175000"
SS98,"295000","185000"
SS99,"295000","195000"
SN90,"295000","205000"
SN91,"295000","215000"
SN92,"295000","225000"
SN93,"295000","235000"
SN94,"295000","245000"
SN95,"295000","255000"
SN96,"295000","265000"
SN97,"295000","275000"
SN98,"295000","285000"
SN99,"295000","295000"
SH90,"295000","305000"
SH91,"295000","315000"
SH92,"295000","325000"
SH93,"295000","335000"
SH94,"295000","345000"
SH95,"295000","355000"
SH96,"295000","365000"
SH97,"295000","375000"
SH98,"295000","385000"
NX90,"295000","505000"
NX91,"295000","515000"
NX92,"295000","525000"
NX93,"295000","535000"
NX95,"295000","555000"
NX96,"295000","565000"
NX97,"295000","575000"
NX98,"295000","585000"
NX99,"295000","595000"
NS90,"295000","605000"
NS91,"295000","615000"
NS92,"295000","625000"
NS93,"295000","635000"
NS94,"295000","645000"
NS95,"295000","655000"
NS96,"295000","665000"
NS97,"295000","675000"
NS98,"295000","685000"
NS99,"295000","695000"
NN90,"295000","705000"
NN91,"295000","715000"
NN92,"295000","725000"
NN93,"295000","735000"
NN94,"295000","745000"
NN95,"295000","755000"
NN96,"295000","765000"
NN97,"295000","775000"
NN98,"295000","785000"
NN99,"295000","795000"
NH90,"295000","805000"
NH91,"295000","815000"
NH92,"295000","825000"
NH93,"295000","835000"
NH94,"295000","845000"
NH95,"295000","855000"
NH96,"295000","865000"
NH97,"295000","875000"
NH98,"295000","885000"
NC90,"295000","905000"
NC91,"295000","915000"
NC92,"295000","925000"
NC93,"295000","935000"
NC94,"295000","945000"
NC95,"295000","955000"
NC96,"295000","965000"
SY07,"305000","75000"
SY08,"305000","85000"
SY09,"305000","95000"
ST00,"305000","105000"
ST01,"305000","115000"
ST02,"305000","125000"
ST03,"305000","135000"
ST04,"305000","145000"
ST06,"305000","165000"
ST07,"305000","175000"
ST08,"305000","185000"
ST09,"305000","195000"
SO00,"305000","205000"
SO01,"305000","215000"
SO02,"305000","225000"
SO03,"305000","235000"
SO04,"305000","245000"
SO05,"305000","255000"
SO06,"305000","265000"
SO07,"305000","275000"
SO08,"305000","285000"
SO09,"305000","295000"
SJ00,"305000","305000"
SJ01,"305000","315000"
SJ02,"305000","325000"
SJ03,"305000","335000"
SJ04,"305000","345000"
SJ05,"305000","355000"
SJ06,"305000","365000"
SJ07,"305000","375000"
SJ08,"305000","385000"
SD08,"305000","485000"
SD09,"305000","495000"
NY00,"305000","505000"
NY01,"305000","515000"
NY02,"305000","525000"
NY03,"305000","535000"
NY04,"305000","545000"
NY05,"305000","555000"
NY06,"305000","565000"
NY07,"305000","575000"
NY08,"305000","585000"
NY09,"305000","595000"
NT00,"305000","605000"
NT01,"305000","615000"
NT02,"305000","625000"
NT03,"305000","635000"
NT04,"305000","645000"
NT05,"305000","655000"
NT06,"305000","665000"
NT07,"305000","675000"
NT08,"305000","685000"
NT09,"305000","695000"
NO00,"305000","705000"
NO01,"305000","715000"
NO02,"305000","725000"
NO03,"305000","735000"
NO04,"305000","745000"
NO05,"305000","755000"
NO06,"305000","765000"
NO07,"305000","775000"
NO08,"305000","785000"
NO09,"305000","795000"
NJ00,"305000","805000"
NJ01,"305000","815000"
NJ02,"305000","825000"
NJ03,"305000","835000"
NJ04,"305000","845000"
NJ05,"305000","855000"
NJ06,"305000","865000"
ND01,"305000","915000"
ND02,"305000","925000"
ND03,"305000","935000"
ND04,"305000","945000"
ND05,"305000","955000"
ND06,"305000","965000"
ND07,"305000","975000"
SY18,"315000","85000"
SY19,"315000","95000"
ST10,"315000","105000"
ST11,"315000","115000"
ST12,"315000","125000"
ST13,"315000","135000"
ST14,"315000","145000"
ST16,"315000","165000"
ST17,"315000","175000"
ST18,"315000","185000"
ST19,"315000","195000"
SO10,"315000","205000"
SO11,"315000","215000"
SO12,"315000","225000"
SO13,"315000","235000"
SO14,"315000","245000"
SO15,"315000","255000"
SO16,"315000","265000"
SO17,"315000","275000"
SO18,"315000","285000"
SO19,"315000","295000"
SJ10,"315000","305000"
SJ11,"315000","315000"
SJ12,"315000","325000"
SJ13,"315000","335000"
SJ14,"315000","345000"
SJ15,"315000","355000"
SJ16,"315000","365000"
SJ17,"315000","375000"
SJ18,"315000","385000"
SD16,"315000","465000"
SD17,"315000","475000"
SD18,"315000","485000"
SD19,"315000","495000"
NY10,"315000","505000"
NY11,"315000","515000"
NY12,"315000","525000"
NY13,"315000","535000"
NY14,"315000","545000"
NY15,"315000","555000"
NY16,"315000","565000"
NY17,"315000","575000"
NY18,"315000","585000"
NY19,"315000","595000"
NT10,"315000","605000"
NT11,"315000","615000"
NT12,"315000","625000"
NT13,"315000","635000"
NT14,"315000","645000"
NT15,"315000","655000"
NT16,"315000","665000"
NT17,"315000","675000"
NT18,"315000","685000"
NT19,"315000","695000"
NO10,"315000","705000"
NO11,"315000","715000"
NO12,"315000","725000"
NO13,"315000","735000"
NO14,"315000","745000"
NO15,"315000","755000"
NO16,"315000","765000"
NO17,"315000","775000"
NO18,"315000","785000"
NO19,"315000","795000"
NJ10,"315000","805000"
NJ11,"315000","815000"
NJ12,"315000","825000"
NJ13,"315000","835000"
NJ14,"315000","845000"
NJ15,"315000","855000"
NJ16,"315000","865000"
NJ17,"315000","875000"
ND11,"315000","915000"
ND12,"315000","925000"
ND13,"315000","935000"
ND14,"315000","945000"
ND15,"315000","955000"
ND16,"315000","965000"
ND17,"315000","975000"
ND19,"315000","995000"
HY10,"315000","1005000"
SY28,"325000","85000"
SY29,"325000","95000"
ST20,"325000","105000"
ST21,"325000","115000"
ST22,"325000","125000"
ST23,"325000","135000"
ST24,"325000","145000"
ST25,"325000","155000"
ST26,"325000","165000"
ST27,"325000","175000"
ST28,"325000","185000"
ST29,"325000","195000"
SO20,"325000","205000"
SO21,"325000","215000"
SO22,"325000","225000"
SO23,"325000","235000"
SO24,"325000","245000"
SO25,"325000","255000"
SO26,"325000","265000"
SO27,"325000","275000"
SO28,"325000","285000"
SO29,"325000","295000"
SJ20,"325000","305000"
SJ21,"325000","315000"
SJ22,"325000","325000"
SJ23,"325000","335000"
SJ24,"325000","345000"
SJ25,"325000","355000"
SJ26,"325000","365000"
SJ27,"325000","375000"
SJ28,"325000","385000"
SJ29,"325000","395000"
SD20,"325000","405000"
SD21,"325000","415000"
SD22,"325000","425000"
SD23,"325000","435000"
SD24,"325000","445000"
SD26,"325000","465000"
SD27,"325000","475000"
SD28,"325000","485000"
SD29,"325000","495000"
NY20,"325000","505000"
NY21,"325000","515000"
NY22,"325000","525000"
NY23,"325000","535000"
NY24,"325000","545000"
NY25,"325000","555000"
NY26,"325000","565000"
NY27,"325000","575000"
NY28,"325000","585000"
NY29,"325000","595000"
NT20,"325000","605000"
NT21,"325000","615000"
NT22,"325000","625000"
NT23,"325000","635000"
NT24,"325000","645000"
NT25,"325000","655000"
NT26,"325000","665000"
NT27,"325000","675000"
NT28,"325000","685000"
NT29,"325000","695000"
NO20,"325000","705000"
NO21,"325000","715000"
NO22,"325000","725000"
NO23,"325000","735000"
NO24,"325000","745000"
NO25,"325000","755000"
NO26,"325000","765000"
NO27,"325000","775000"
NO28,"325000","785000"
NO29,"325000","795000"
NJ20,"325000","805000"
NJ21,"325000","815000"
NJ22,"325000","825000"
NJ23,"325000","835000"
NJ24,"325000","845000"
NJ25,"325000","855000"
NJ26,"325000","865000"
NJ27,"325000","875000"
ND23,"325000","935000"
ND24,"325000","945000"
ND25,"325000","955000"
ND26,"325000","965000"
ND27,"325000","975000"
ND28,"325000","985000"
ND29,"325000","995000"
HY20,"325000","1005000"
HY21,"325000","1015000"
HY22,"325000","1025000"
HY23,"325000","1035000"
SY38,"335000","85000"
SY39,"335000","95000"
ST30,"335000","105000"
ST31,"335000","115000"
ST32,"335000","125000"
ST33,"335000","135000"
ST34,"335000","145000"
ST35,"335000","155000"
ST36,"335000","165000"
ST37,"335000","175000"
ST38,"335000","185000"
ST39,"335000","195000"
SO30,"335000","205000"
SO31,"335000","215000"
SO32,"335000","225000"
SO33,"335000","235000"
SO34,"335000","245000"
SO35,"335000","255000"
SO36,"335000","265000"
SO37,"335000","275000"
SO38,"335000","285000"
SO39,"335000","295000"
SJ30,"335000","305000"
SJ31,"335000","315000"
SJ32,"335000","325000"
SJ33,"335000","335000"
SJ34,"335000","345000"
SJ35,"335000","355000"
SJ36,"335000","365000"
SJ37,"335000","375000"
SJ38,"335000","385000"
SJ39,"335000","395000"
SD30,"335000","405000"
SD31,"335000","415000"
SD32,"335000","425000"
SD33,"335000","435000"
SD34,"335000","445000"
SD35,"335000","455000"
SD36,"335000","465000"
SD37,"335000","475000"
SD38,"335000","485000"
SD39,"335000","495000"
NY30,"335000","505000"
NY31,"335000","515000"
NY32,"335000","525000"
NY33,"335000","535000"
NY34,"335000","545000"
NY35,"335000","555000"
NY36,"335000","565000"
NY37,"335000","575000"
NY38,"335000","585000"
NY39,"335000","595000"
NT30,"335000","605000"
NT31,"335000","615000"
NT32,"335000","625000"
NT33,"335000","635000"
NT34,"335000","645000"
NT35,"335000","655000"
NT36,"335000","665000"
NT37,"335000","675000"
NT39,"335000","695000"
NO30,"335000","705000"
NO31,"335000","715000"
NO32,"335000","725000"
NO33,"335000","735000"
NO34,"335000","745000"
NO35,"335000","755000"
NO36,"335000","765000"
NO37,"335000","775000"
NO38,"335000","785000"
NO39,"335000","795000"
NJ30,"335000","805000"
NJ31,"335000","815000"
NJ32,"335000","825000"
NJ33,"335000","835000"
NJ34,"335000","845000"
NJ35,"335000","855000"
NJ36,"335000","865000"
ND33,"335000","935000"
ND34,"335000","945000"
ND35,"335000","955000"
ND36,"335000","965000"
ND37,"335000","975000"
ND38,"335000","985000"
ND39,"335000","995000"
HY30,"335000","1005000"
HY31,"335000","1015000"
HY32,"335000","1025000"
HY33,"335000","1035000"
HY34,"335000","1045000"
HY35,"335000","1055000"
SY48,"345000","85000"
SY49,"345000","95000"
ST40,"345000","105000"
ST41,"345000","115000"
ST42,"345000","125000"
ST43,"345000","135000"
ST44,"345000","145000"
ST45,"345000","155000"
ST46,"345000","165000"
ST47,"345000","175000"
ST48,"345000","185000"
ST49,"345000","195000"
SO40,"345000","205000"
SO41,"345000","215000"
SO42,"345000","225000"
SO43,"345000","235000"
SO44,"345000","245000"
SO45,"345000","255000"
SO46,"345000","265000"
SO47,"345000","275000"
SO48,"345000","285000"
SO49,"345000","295000"
SJ40,"345000","305000"
SJ41,"345000","315000"
SJ42,"345000","325000"
SJ43,"345000","335000"
SJ44,"345000","345000"
SJ45,"345000","355000"
SJ46,"345000","365000"
SJ47,"345000","375000"
SJ48,"345000","385000"
SJ49,"345000","395000"
SD40,"345000","405000"
SD41,"345000","415000"
SD42,"345000","425000"
SD43,"345000","435000"
SD44,"345000","445000"
SD45,"345000","455000"
SD46,"345000","465000"
SD47,"345000","475000"
SD48,"345000","485000"
SD49,"345000","495000"
NY40,"345000","505000"
NY41,"345000","515000"
NY42,"345000","525000"
NY43,"345000","535000"
NY44,"345000","545000"
NY45,"345000","555000"
NY46,"345000","565000"
NY47,"345000","575000"
NY48,"345000","585000"
NY49,"345000","595000"
NT40,"345000","605000"
NT41,"345000","615000"
NT42,"345000","625000"
NT43,"345000","635000"
NT44,"345000","645000"
NT45,"345000","655000"
NT46,"345000","665000"
NT47,"345000","675000"
NT48,"345000","685000"
NT49,"345000","695000"
NO40,"345000","705000"
NO41,"345000","715000"
NO42,"345000","725000"
NO43,"345000","735000"
NO44,"345000","745000"
NO45,"345000","755000"
NO46,"345000","765000"
NO47,"345000","775000"
NO48,"345000","785000"
NO49,"345000","795000"
NJ40,"345000","805000"
NJ41,"345000","815000"
NJ42,"345000","825000"
NJ43,"345000","835000"
NJ44,"345000","845000"
NJ45,"345000","855000"
NJ46,"345000","865000"
NJ47,"345000","875000"
ND46,"345000","965000"
ND47,"345000","975000"
ND48,"345000","985000"
ND49,"345000","995000"
HY40,"345000","1005000"
HY41,"345000","1015000"
HY42,"345000","1025000"
HY43,"345000","1035000"
HY44,"345000","1045000"
HY45,"345000","1055000"
SY58,"355000","85000"
SY59,"355000","95000"
ST50,"355000","105000"
ST51,"355000","115000"
ST52,"355000","125000"
ST53,"355000","135000"
ST54,"355000","145000"
ST55,"355000","155000"
ST56,"355000","165000"
ST57,"355000","175000"
ST58,"355000","185000"
ST59,"355000","195000"
SO50,"355000","205000"
SO51,"355000","215000"
SO52,"355000","225000"
SO53,"355000","235000"
SO54,"355000","245000"
SO55,"355000","255000"
SO56,"355000","265000"
SO57,"355000","275000"
SO58,"355000","285000"
SO59,"355000","295000"
SJ50,"355000","305000"
SJ51,"355000","315000"
SJ52,"355000","325000"
SJ53,"355000","335000"
SJ54,"355000","345000"
SJ55,"355000","355000"
SJ56,"355000","365000"
SJ57,"355000","375000"
SJ58,"355000","385000"
SJ59,"355000","395000"
SD50,"355000","405000"
SD51,"355000","415000"
SD52,"355000","425000"
SD53,"355000","435000"
SD54,"355000","445000"
SD55,"355000","455000"
SD56,"355000","465000"
SD57,"355000","475000"
SD58,"355000","485000"
SD59,"355000","495000"
NY50,"355000","505000"
NY51,"355000","515000"
NY52,"355000","525000"
NY53,"355000","535000"
NY54,"355000","545000"
NY55,"355000","555000"
NY56,"355000","565000"
NY57,"355000","575000"
NY58,"355000","585000"
NY59,"355000","595000"
NT50,"355000","605000"
NT51,"355000","615000"
NT52,"355000","625000"
NT53,"355000","635000"
NT54,"355000","645000"
NT55,"355000","655000"
NT56,"355000","665000"
NT57,"355000","675000"
NT58,"355000","685000"
NT59,"355000","695000"
NO50,"355000","705000"
NO51,"355000","715000"
NO52,"355000","725000"
NO53,"355000","735000"
NO54,"355000","745000"
NO55,"355000","755000"
NO56,"355000","765000"
NO57,"355000","775000"
NO58,"355000","785000"
NO59,"355000","795000"
NJ50,"355000","805000"
NJ51,"355000","815000"
NJ52,"355000","825000"
NJ53,"355000","835000"
NJ54,"355000","845000"
NJ55,"355000","855000"
NJ56,"355000","865000"
ND59,"355000","995000"
HY50,"355000","1005000"
HY51,"355000","1015000"
HY52,"355000","1025000"
HY53,"355000","1035000"
HY54,"355000","1045000"
HY55,"355000","1055000"
SY66,"365000","65000"
SY67,"365000","75000"
SY68,"365000","85000"
SY69,"365000","95000"
ST60,"365000","105000"
ST61,"365000","115000"
ST62,"365000","125000"
ST63,"365000","135000"
ST64,"365000","145000"
ST65,"365000","155000"
ST66,"365000","165000"
ST67,"365000","175000"
ST68,"365000","185000"
ST69,"365000","195000"
SO60,"365000","205000"
SO61,"365000","215000"
SO62,"365000","225000"
SO63,"365000","235000"
SO64,"365000","245000"
SO65,"365000","255000"
SO66,"365000","265000"
SO67,"365000","275000"
SO68,"365000","285000"
SO69,"365000","295000"
SJ60,"365000","305000"
SJ61,"365000","315000"
SJ62,"365000","325000"
SJ63,"365000","335000"
SJ64,"365000","345000"
SJ65,"365000","355000"
SJ66,"365000","365000"
SJ67,"365000","375000"
SJ68,"365000","385000"
SJ69,"365000","395000"
SD60,"365000","405000"
SD61,"365000","415000"
SD62,"365000","425000"
SD63,"365000","435000"
SD64,"365000","445000"
SD65,"365000","455000"
SD66,"365000","465000"
SD67,"365000","475000"
SD68,"365000","485000"
SD69,"365000","495000"
NY60,"365000","505000"
NY61,"365000","515000"
NY62,"365000","525000"
NY63,"365000","535000"
NY64,"365000","545000"
NY65,"365000","555000"
NY66,"365000","565000"
NY67,"365000","575000"
NY68,"365000","585000"
NY69,"365000","595000"
NT60,"365000","605000"
NT61,"365000","615000"
NT62,"365000","625000"
NT63,"365000","635000"
NT64,"365000","645000"
NT65,"365000","655000"
NT66,"365000","665000"
NT67,"365000","675000"
NT68,"365000","685000"
NT69,"365000","695000"
NO60,"365000","705000"
NO61,"365000","715000"
NO63,"365000","735000"
NO64,"365000","745000"
NO65,"365000","755000"
NO66,"365000","765000"
NO67,"365000","775000"
NO68,"365000","785000"
NO69,"365000","795000"
NJ60,"365000","805000"
NJ61,"365000","815000"
NJ62,"365000","825000"
NJ63,"365000","835000"
NJ64,"365000","845000"
NJ65,"365000","855000"
NJ66,"365000","865000"
ND69,"365000","995000"
HY60,"365000","1005000"
HY61,"365000","1015000"
HY62,"365000","1025000"
HY63,"365000","1035000"
HY64,"365000","1045000"
SY77,"375000","75000"
SY78,"375000","85000"
SY79,"375000","95000"
ST70,"375000","105000"
ST71,"375000","115000"
ST72,"375000","125000"
ST73,"375000","135000"
ST74,"375000","145000"
ST75,"375000","155000"
ST76,"375000","165000"
ST77,"375000","175000"
ST78,"375000","185000"
ST79,"375000","195000"
SO70,"375000","205000"
SO71,"375000","215000"
SO72,"375000","225000"
SO73,"375000","235000"
SO74,"375000","245000"
SO75,"375000","255000"
SO76,"375000","265000"
SO77,"375000","275000"
SO78,"375000","285000"
SO79,"375000","295000"
SJ70,"375000","305000"
SJ71,"375000","315000"
SJ72,"375000","325000"
SJ73,"375000","335000"
SJ74,"375000","345000"
SJ75,"375000","355000"
SJ76,"375000","365000"
SJ77,"375000","375000"
SJ78,"375000","385000"
SJ79,"375000","395000"
SD70,"375000","405000"
SD71,"375000","415000"
SD72,"375000","425000"
SD73,"375000","435000"
SD74,"375000","445000"
SD75,"375000","455000"
SD76,"375000","465000"
SD77,"375000","475000"
SD78,"375000","485000"
SD79,"375000","495000"
NY70,"375000","505000"
NY71,"375000","515000"
NY72,"375000","525000"
NY73,"375000","535000"
NY74,"375000","545000"
NY75,"375000","555000"
NY76,"375000","565000"
NY77,"375000","575000"
NY78,"375000","585000"
NY79,"375000","595000"
NT70,"375000","605000"
NT71,"375000","615000"
NT72,"375000","625000"
NT73,"375000","635000"
NT74,"375000","645000"
NT75,"375000","655000"
NT76,"375000","665000"
NT77,"375000","675000"
NO74,"375000","745000"
NO75,"375000","755000"
NO76,"375000","765000"
NO77,"375000","775000"
NO78,"375000","785000"
NO79,"375000","795000"
NJ70,"375000","805000"
NJ71,"375000","815000"
NJ72,"375000","825000"
NJ73,"375000","835000"
NJ74,"375000","845000"
NJ75,"375000","855000"
NJ76,"375000","865000"
HY73,"375000","1035000"
HY74,"375000","1045000"
HY75,"375000","1055000"
SY87,"385000","75000"
SY88,"385000","85000"
SY89,"385000","95000"
ST80,"385000","105000"
ST81,"385000","115000"
ST82,"385000","125000"
ST83,"385000","135000"
ST84,"385000","145000"
ST85,"385000","155000"
ST86,"385000","165000"
ST87,"385000","175000"
ST88,"385000","185000"
ST89,"385000","195000"
SO80,"385000","205000"
SO81,"385000","215000"
SO82,"385000","225000"
SO83,"385000","235000"
SO84,"385000","245000"
SO85,"385000","255000"
SO86,"385000","265000"
SO87,"385000","275000"
SO88,"385000","285000"
SO89,"385000","295000"
SJ80,"385000","305000"
SJ81,"385000","315000"
SJ82,"385000","325000"
SJ83,"385000","335000"
SJ84,"385000","345000"
SJ85,"385000","355000"
SJ86,"385000","365000"
SJ87,"385000","375000"
SJ88,"385000","385000"
SJ89,"385000","395000"
SD80,"385000","405000"
SD81,"385000","415000"
SD82,"385000","425000"
SD83,"385000","435000"
SD84,"385000","445000"
SD85,"385000","455000"
SD86,"385000","465000"
SD87,"385000","475000"
SD88,"385000","485000"
SD89,"385000","495000"
NY80,"385000","505000"
NY81,"385000","515000"
NY82,"385000","525000"
NY83,"385000","535000"
NY84,"385000","545000"
NY85,"385000","555000"
NY86,"385000","565000"
NY87,"385000","575000"
NY88,"385000","585000"
NY89,"385000","595000"
NT80,"385000","605000"
NT81,"385000","615000"
NT82,"385000","625000"
NT83,"385000","635000"
NT84,"385000","645000"
NT85,"385000","655000"
NT86,"385000","665000"
NT87,"385000","675000"
NO86,"385000","765000"
NO87,"385000","775000"
NO88,"385000","785000"
NO89,"385000","795000"
NJ80,"385000","805000"
NJ81,"385000","815000"
NJ82,"385000","825000"
NJ83,"385000","835000"
NJ84,"385000","845000"
NJ85,"385000","855000"
NJ86,"385000","865000"
SY97,"395000","75000"
SY98,"395000","85000"
SY99,"395000","95000"
ST90,"395000","105000"
ST91,"395000","115000"
ST92,"395000","125000"
ST93,"395000","135000"
ST94,"395000","145000"
ST95,"395000","155000"
ST96,"395000","165000"
ST97,"395000","175000"
ST98,"395000","185000"
ST99,"395000","195000"
SO90,"395000","205000"
SO91,"395000","215000"
SO92,"395000","225000"
SO93,"395000","235000"
SO94,"395000","245000"
SO95,"395000","255000"
SO96,"395000","265000"
SO97,"395000","275000"
SO98,"395000","285000"
SO99,"395000","295000"
SJ90,"395000","305000"
SJ91,"395000","315000"
SJ92,"395000","325000"
SJ93,"395000","335000"
SJ94,"395000","345000"
SJ95,"395000","355000"
SJ96,"395000","365000"
SJ97,"395000","375000"
SJ98,"395000","385000"
SJ99,"395000","395000"
SD90,"395000","405000"
SD91,"395000","415000"
SD92,"395000","425000"
SD93,"395000","435000"
SD94,"395000","445000"
SD95,"395000","455000"
SD96,"395000","465000"
SD97,"395000","475000"
SD98,"395000","485000"
SD99,"395000","495000"
NY90,"395000","505000"
NY91,"395000","515000"
NY92,"395000","525000"
NY93,"395000","535000"
NY94,"395000","545000"
NY95,"395000","555000"
NY96,"395000","565000"
NY97,"395000","575000"
NY98,"395000","585000"
NY99,"395000","595000"
NT90,"395000","605000"
NT91,"395000","615000"
NT92,"395000","625000"
NT93,"395000","635000"
NT94,"395000","645000"
NT95,"395000","655000"
NT96,"395000","665000"
NT97,"395000","675000"
NO98,"395000","785000"
NO99,"395000","795000"
NJ90,"395000","805000"
NJ91,"395000","815000"
NJ92,"395000","825000"
NJ93,"395000","835000"
NJ94,"395000","845000"
NJ95,"395000","855000"
NJ96,"395000","865000"
HT93,"395000","1135000"
HT94,"395000","1145000"
SZ07,"405000","75000"
SZ08,"405000","85000"
SZ09,"405000","95000"
SU00,"405000","105000"
SU01,"405000","115000"
SU02,"405000","125000"
SU03,"405000","135000"
SU04,"405000","145000"
SU05,"405000","155000"
SU06,"405000","165000"
SU07,"405000","175000"
SU08,"405000","185000"
SU09,"405000","195000"
SP00,"405000","205000"
SP01,"405000","215000"
SP02,"405000","225000"
SP03,"405000","235000"
SP04,"405000","245000"
SP05,"405000","255000"
SP06,"405000","265000"
SP07,"405000","275000"
SP08,"405000","285000"
SP09,"405000","295000"
SK00,"405000","305000"
SK01,"405000","315000"
SK02,"405000","325000"
SK03,"405000","335000"
SK04,"405000","345000"
SK05,"405000","355000"
SK06,"405000","365000"
SK07,"405000","375000"
SK08,"405000","385000"
SK09,"405000","395000"
SE00,"405000","405000"
SE01,"405000","415000"
SE02,"405000","425000"
SE03,"405000","435000"
SE04,"405000","445000"
SE05,"405000","455000"
SE06,"405000","465000"
SE07,"405000","475000"
SE08,"405000","485000"
SE09,"405000","495000"
NZ00,"405000","505000"
NZ01,"405000","515000"
NZ02,"405000","525000"
NZ03,"405000","535000"
NZ04,"405000","545000"
NZ05,"405000","555000"
NZ06,"405000","565000"
NZ07,"405000","575000"
NZ08,"405000","585000"
NZ09,"405000","595000"
NU00,"405000","605000"
NU01,"405000","615000"
NU02,"405000","625000"
NU03,"405000","635000"
NU04,"405000","645000"
NU05,"405000","655000"
NK02,"405000","825000"
NK03,"405000","835000"
NK04,"405000","845000"
NK05,"405000","855000"
NK06,"405000","865000"
SZ18,"415000","85000"
SZ19,"415000","95000"
SU10,"415000","105000"
SU11,"415000","115000"
SU12,"415000","125000"
SU13,"415000","135000"
SU14,"415000","145000"
SU15,"415000","155000"
SU16,"415000","165000"
SU17,"415000","175000"
SU18,"415000","185000"
SU19,"415000","195000"
SP10,"415000","205000"
SP11,"415000","215000"
SP12,"415000","225000"
SP13,"415000","235000"
SP14,"415000","245000"
SP15,"415000","255000"
SP16,"415000","265000"
SP17,"415000","275000"
SP18,"415000","285000"
SP19,"415000","295000"
SK10,"415000","305000"
SK11,"415000","315000"
SK12,"415000","325000"
SK13,"415000","335000"
SK14,"415000","345000"
SK15,"415000","355000"
SK16,"415000","365000"
SK17,"415000","375000"
SK18,"415000","385000"
SK19,"415000","395000"
SE10,"415000","405000"
SE11,"415000","415000"
SE12,"415000","425000"
SE13,"415000","435000"
SE14,"415000","445000"
SE15,"415000","455000"
SE16,"415000","465000"
SE17,"415000","475000"
SE18,"415000","485000"
SE19,"415000","495000"
NZ10,"415000","505000"
NZ11,"415000","515000"
NZ12,"415000","525000"
NZ13,"415000","535000"
NZ14,"415000","545000"
NZ15,"415000","555000"
NZ16,"415000","565000"
NZ17,"415000","575000"
NZ18,"415000","585000"
NZ19,"415000","595000"
NU10,"415000","605000"
NU11,"415000","615000"
NU12,"415000","625000"
NU13,"415000","635000"
NU14,"415000","645000"
NK13,"415000","835000"
NK14,"415000","845000"
NK15,"415000","855000"
HZ16,"415000","1065000"
HZ17,"415000","1075000"
HU14,"415000","1145000"
HU15,"415000","1155000"
HU16,"415000","1165000"
HU17,"415000","1175000"
HU18,"415000","1185000"
SZ28,"425000","85000"
SZ29,"425000","95000"
SU20,"425000","105000"
SU21,"425000","115000"
SU22,"425000","125000"
SU23,"425000","135000"
SU24,"425000","145000"
SU25,"425000","155000"
SU26,"425000","165000"
SU27,"425000","175000"
SU28,"425000","185000"
SU29,"425000","195000"
SP20,"425000","205000"
SP21,"425000","215000"
SP22,"425000","225000"
SP23,"425000","235000"
SP24,"425000","245000"
SP25,"425000","255000"
SP26,"425000","265000"
SP27,"425000","275000"
SP28,"425000","285000"
SP29,"425000","295000"
SK20,"425000","305000"
SK21,"425000","315000"
SK22,"425000","325000"
SK23,"425000","335000"
SK24,"425000","345000"
SK25,"425000","355000"
SK26,"425000","365000"
SK27,"425000","375000"
SK28,"425000","385000"
SK29,"425000","395000"
SE20,"425000","405000"
SE21,"425000","415000"
SE22,"425000","425000"
SE23,"425000","435000"
SE24,"425000","445000"
SE25,"425000","455000"
SE26,"425000","465000"
SE27,"425000","475000"
SE28,"425000","485000"
SE29,"425000","495000"
NZ20,"425000","505000"
NZ21,"425000","515000"
NZ22,"425000","525000"
NZ23,"425000","535000"
NZ24,"425000","545000"
NZ25,"425000","555000"
NZ26,"425000","565000"
NZ27,"425000","575000"
NZ28,"425000","585000"
NZ29,"425000","595000"
NU20,"425000","605000"
NU21,"425000","615000"
NU22,"425000","625000"
NU23,"425000","635000"
HZ26,"425000","1065000"
HZ27,"425000","1075000"
HU23,"425000","1135000"
HU24,"425000","1145000"
HU25,"425000","1155000"
HU26,"425000","1165000"
HU27,"425000","1175000"
HU28,"425000","1185000"
SZ38,"435000","85000"
SZ39,"435000","95000"
SU30,"435000","105000"
SU31,"435000","115000"
SU32,"435000","125000"
SU33,"435000","135000"
SU34,"435000","145000"
SU35,"435000","155000"
SU36,"435000","165000"
SU37,"435000","175000"
SU38,"435000","185000"
SU39,"435000","195000"
SP30,"435000","205000"
SP31,"435000","215000"
SP32,"435000","225000"
SP33,"435000","235000"
SP34,"435000","245000"
SP35,"435000","255000"
SP36,"435000","265000"
SP37,"435000","275000"
SP38,"435000","285000"
SP39,"435000","295000"
SK30,"435000","305000"
SK31,"435000","315000"
SK32,"435000","325000"
SK33,"435000","335000"
SK34,"435000","345000"
SK35,"435000","355000"
SK36,"435000","365000"
SK37,"435000","375000"
SK38,"435000","385000"
SK39,"435000","395000"
SE30,"435000","405000"
SE31,"435000","415000"
SE32,"435000","425000"
SE33,"435000","435000"
SE34,"435000","445000"
SE35,"435000","455000"
SE36,"435000","465000"
SE37,"435000","475000"
SE38,"435000","485000"
SE39,"435000","495000"
NZ30,"435000","505000"
NZ31,"435000","515000"
NZ32,"435000","525000"
NZ33,"435000","535000"
NZ34,"435000","545000"
NZ35,"435000","555000"
NZ36,"435000","565000"
NZ37,"435000","575000"
NZ38,"435000","585000"
NZ39,"435000","595000"
HU30,"435000","1105000"
HU31,"435000","1115000"
HU32,"435000","1125000"
HU33,"435000","1135000"
HU34,"435000","1145000"
HU35,"435000","1155000"
HU36,"435000","1165000"
HU37,"435000","1175000"
HU38,"435000","1185000"
HU39,"435000","1195000"
SZ47,"445000","75000"
SZ48,"445000","85000"
SZ49,"445000","95000"
SU40,"445000","105000"
SU41,"445000","115000"
SU42,"445000","125000"
SU43,"445000","135000"
SU44,"445000","145000"
SU45,"445000","155000"
SU46,"445000","165000"
SU47,"445000","175000"
SU48,"445000","185000"
SU49,"445000","195000"
SP40,"445000","205000"
SP41,"445000","215000"
SP42,"445000","225000"
SP43,"445000","235000"
SP44,"445000","245000"
SP45,"445000","255000"
SP46,"445000","265000"
SP47,"445000","275000"
SP48,"445000","285000"
SP49,"445000","295000"
SK40,"445000","305000"
SK41,"445000","315000"
SK42,"445000","325000"
SK43,"445000","335000"
SK44,"445000","345000"
SK45,"445000","355000"
SK46,"445000","365000"
SK47,"445000","375000"
SK48,"445000","385000"
SK49,"445000","395000"
SE40,"445000","405000"
SE41,"445000","415000"
SE42,"445000","425000"
SE43,"445000","435000"
SE44,"445000","445000"
SE45,"445000","455000"
SE46,"445000","465000"
SE47,"445000","475000"
SE48,"445000","485000"
SE49,"445000","495000"
NZ40,"445000","505000"
NZ41,"445000","515000"
NZ42,"445000","525000"
NZ43,"445000","535000"
NZ44,"445000","545000"
NZ45,"445000","555000"
NZ46,"445000","565000"
HU40,"445000","1105000"
HU41,"445000","1115000"
HU42,"445000","1125000"
HU43,"445000","1135000"
HU44,"445000","1145000"
HU45,"445000","1155000"
HU46,"445000","1165000"
HU47,"445000","1175000"
HU48,"445000","1185000"
HU49,"445000","1195000"
HP40,"445000","1205000"
SZ57,"455000","75000"
SZ58,"455000","85000"
SZ59,"455000","95000"
SU50,"455000","105000"
SU51,"455000","115000"
SU52,"455000","125000"
SU53,"455000","135000"
SU54,"455000","145000"
SU55,"455000","155000"
SU56,"455000","165000"
SU57,"455000","175000"
SU58,"455000","185000"
SU59,"455000","195000"
SP50,"455000","205000"
SP51,"455000","215000"
SP52,"455000","225000"
SP53,"455000","235000"
SP54,"455000","245000"
SP55,"455000","255000"
SP56,"455000","265000"
SP57,"455000","275000"
SP58,"455000","285000"
SP59,"455000","295000"
SK50,"455000","305000"
SK51,"455000","315000"
SK52,"455000","325000"
SK53,"455000","335000"
SK54,"455000","345000"
SK55,"455000","355000"
SK56,"455000","365000"
SK57,"455000","375000"
SK58,"455000","385000"
SK59,"455000","395000"
SE50,"455000","405000"
SE51,"455000","415000"
SE52,"455000","425000"
SE53,"455000","435000"
SE54,"455000","445000"
SE55,"455000","455000"
SE56,"455000","465000"
SE57,"455000","475000"
SE58,"455000","485000"
SE59,"455000","495000"
NZ50,"455000","505000"
NZ51,"455000","515000"
NZ52,"455000","525000"
NZ53,"455000","535000"
HU53,"455000","1135000"
HU54,"455000","1145000"
HU55,"455000","1155000"
HU56,"455000","1165000"
HU57,"455000","1175000"
HU58,"455000","1185000"
HU59,"455000","1195000"
HP50,"455000","1205000"
HP51,"455000","1215000"
SZ68,"465000","85000"
SZ69,"465000","95000"
SU60,"465000","105000"
SU61,"465000","115000"
SU62,"465000","125000"
SU63,"465000","135000"
SU64,"465000","145000"
SU65,"465000","155000"
SU66,"465000","165000"
SU67,"465000","175000"
SU68,"465000","185000"
SU69,"465000","195000"
SP60,"465000","205000"
SP61,"465000","215000"
SP62,"465000","225000"
SP63,"465000","235000"
SP64,"465000","245000"
SP65,"465000","255000"
SP66,"465000","265000"
SP67,"465000","275000"
SP68,"465000","285000"
SP69,"465000","295000"
SK60,"465000","305000"
SK61,"465000","315000"
SK62,"465000","325000"
SK63,"465000","335000"
SK64,"465000","345000"
SK65,"465000","355000"
SK66,"465000","365000"
SK67,"465000","375000"
SK68,"465000","385000"
SK69,"465000","395000"
SE60,"465000","405000"
SE61,"465000","415000"
SE62,"465000","425000"
SE63,"465000","435000"
SE64,"465000","445000"
SE65,"465000","455000"
SE66,"465000","465000"
SE67,"465000","475000"
SE68,"465000","485000"
SE69,"465000","495000"
NZ60,"465000","505000"
NZ61,"465000","515000"
NZ62,"465000","525000"
HU66,"465000","1165000"
HU67,"465000","1175000"
HU68,"465000","1185000"
HU69,"465000","1195000"
HP60,"465000","1205000"
HP61,"465000","1215000"
SZ79,"475000","95000"
SU70,"475000","105000"
SU71,"475000","115000"
SU72,"475000","125000"
SU73,"475000","135000"
SU74,"475000","145000"
SU75,"475000","155000"
SU76,"475000","165000"
SU77,"475000","175000"
SU78,"475000","185000"
SU79,"475000","195000"
SP70,"475000","205000"
SP71,"475000","215000"
SP72,"475000","225000"
SP73,"475000","235000"
SP74,"475000","245000"
SP75,"475000","255000"
SP76,"475000","265000"
SP77,"475000","275000"
SP78,"475000","285000"
SP79,"475000","295000"
SK70,"475000","305000"
SK71,"475000","315000"
SK72,"475000","325000"
SK73,"475000","335000"
SK74,"475000","345000"
SK75,"475000","355000"
SK76,"475000","365000"
SK77,"475000","375000"
SK78,"475000","385000"
SK79,"475000","395000"
SE70,"475000","405000"
SE71,"475000","415000"
SE72,"475000","425000"
SE73,"475000","435000"
SE74,"475000","445000"
SE75,"475000","455000"
SE76,"475000","465000"
SE77,"475000","475000"
SE78,"475000","485000"
SE79,"475000","495000"
NZ70,"475000","505000"
NZ71,"475000","515000"
NZ72,"475000","525000"
SZ89,"485000","95000"
SU80,"485000","105000"
SU81,"485000","115000"
SU82,"485000","125000"
SU83,"485000","135000"
SU84,"485000","145000"
SU85,"485000","155000"
SU86,"485000","165000"
SU87,"485000","175000"
SU88,"485000","185000"
SU89,"485000","195000"
SP80,"485000","205000"
SP81,"485000","215000"
SP82,"485000","225000"
SP83,"485000","235000"
SP84,"485000","245000"
SP85,"485000","255000"
SP86,"485000","265000"
SP87,"485000","275000"
SP88,"485000","285000"
SP89,"485000","295000"
SK80,"485000","305000"
SK81,"485000","315000"
SK82,"485000","325000"
SK83,"485000","335000"
SK84,"485000","345000"
SK85,"485000","355000"
SK86,"485000","365000"
SK87,"485000","375000"
SK88,"485000","385000"
SK89,"485000","395000"
SE80,"485000","405000"
SE81,"485000","415000"
SE82,"485000","425000"
SE83,"485000","435000"
SE84,"485000","445000"
SE85,"485000","455000"
SE86,"485000","465000"
SE87,"485000","475000"
SE88,"485000","485000"
SE89,"485000","495000"
NZ80,"485000","505000"
NZ81,"485000","515000"
SZ99,"495000","95000"
SU90,"495000","105000"
SU91,"495000","115000"
SU92,"495000","125000"
SU93,"495000","135000"
SU94,"495000","145000"
SU95,"495000","155000"
SU96,"495000","165000"
SU97,"495000","175000"
SU98,"495000","185000"
SU99,"495000","195000"
SP90,"495000","205000"
SP91,"495000","215000"
SP92,"495000","225000"
SP93,"495000","235000"
SP94,"495000","245000"
SP95,"495000","255000"
SP96,"495000","265000"
SP97,"495000","275000"
SP98,"495000","285000"
SP99,"495000","295000"
SK90,"495000","305000"
SK91,"495000","315000"
SK92,"495000","325000"
SK93,"495000","335000"
SK94,"495000","345000"
SK95,"495000","355000"
SK96,"495000","365000"
SK97,"495000","375000"
SK98,"495000","385000"
SK99,"495000","395000"
SE90,"495000","405000"
SE91,"495000","415000"
SE92,"495000","425000"
SE93,"495000","435000"
SE94,"495000","445000"
SE95,"495000","455000"
SE96,"495000","465000"
SE97,"495000","475000"
SE98,"495000","485000"
SE99,"495000","495000"
NZ90,"495000","505000"
NZ91,"495000","515000"
TQ00,"505000","105000"
TQ01,"505000","115000"
TQ02,"505000","125000"
TQ03,"505000","135000"
TQ04,"505000","145000"
TQ05,"505000","155000"
TQ06,"505000","165000"
TQ07,"505000","175000"
TQ08,"505000","185000"
TQ09,"505000","195000"
TL00,"505000","205000"
TL01,"505000","215000"
TL02,"505000","225000"
TL03,"505000","235000"
TL04,"505000","245000"
TL05,"505000","255000"
TL06,"505000","265000"
TL07,"505000","275000"
TL08,"505000","285000"
TL09,"505000","295000"
TF00,"505000","305000"
TF01,"505000","315000"
TF02,"505000","325000"
TF03,"505000","335000"
TF04,"505000","345000"
TF05,"505000","355000"
TF06,"505000","365000"
TF07,"505000","375000"
TF08,"505000","385000"
TF09,"505000","395000"
TA00,"505000","405000"
TA01,"505000","415000"
TA02,"505000","425000"
TA03,"505000","435000"
TA04,"505000","445000"
TA05,"505000","455000"
TA06,"505000","465000"
TA07,"505000","475000"
TA08,"505000","485000"
TA09,"505000","495000"
OV00,"505000","505000"
TQ10,"515000","105000"
TQ11,"515000","115000"
TQ12,"515000","125000"
TQ13,"515000","135000"
TQ14,"515000","145000"
TQ15,"515000","155000"
TQ16,"515000","165000"
TQ17,"515000","175000"
TQ18,"515000","185000"
TQ19,"515000","195000"
TL10,"515000","205000"
TL11,"515000","215000"
TL12,"515000","225000"
TL13,"515000","235000"
TL14,"515000","245000"
TL15,"515000","255000"
TL16,"515000","265000"
TL17,"515000","275000"
TL18,"515000","285000"
TL19,"515000","295000"
TF10,"515000","305000"
TF11,"515000","315000"
TF12,"515000","325000"
TF13,"515000","335000"
TF14,"515000","345000"
TF15,"515000","355000"
TF16,"515000","365000"
TF17,"515000","375000"
TF18,"515000","385000"
TF19,"515000","395000"
TA10,"515000","405000"
TA11,"515000","415000"
TA12,"515000","425000"
TA13,"515000","435000"
TA14,"515000","445000"
TA15,"515000","455000"
TA16,"515000","465000"
TA17,"515000","475000"
TA18,"515000","485000"
TQ20,"525000","105000"
TQ21,"525000","115000"
TQ22,"525000","125000"
TQ23,"525000","135000"
TQ24,"525000","145000"
TQ25,"525000","155000"
TQ26,"525000","165000"
TQ27,"525000","175000"
TQ28,"525000","185000"
TQ29,"525000","195000"
TL20,"525000","205000"
TL21,"525000","215000"
TL22,"525000","225000"
TL23,"525000","235000"
TL24,"525000","245000"
TL25,"525000","255000"
TL26,"525000","265000"
TL27,"525000","275000"
TL28,"525000","285000"
TL29,"525000","295000"
TF20,"525000","305000"
TF21,"525000","315000"
TF22,"525000","325000"
TF23,"525000","335000"
TF24,"525000","345000"
TF25,"525000","355000"
TF26,"525000","365000"
TF27,"525000","375000"
TF28,"525000","385000"
TF29,"525000","395000"
TA20,"525000","405000"
TA21,"525000","415000"
TA22,"525000","425000"
TA23,"525000","435000"
TA24,"525000","445000"
TA25,"525000","455000"
TA26,"525000","465000"
TA27,"525000","475000"
TQ30,"535000","105000"
TQ31,"535000","115000"
TQ32,"535000","125000"
TQ33,"535000","135000"
TQ34,"535000","145000"
TQ35,"535000","155000"
TQ36,"535000","165000"
TQ37,"535000","175000"
TQ38,"535000","185000"
TQ39,"535000","195000"
TL30,"535000","205000"
TL31,"535000","215000"
TL32,"535000","225000"
TL33,"535000","235000"
TL34,"535000","245000"
TL35,"535000","255000"
TL36,"535000","265000"
TL37,"535000","275000"
TL38,"535000","285000"
TL39,"535000","295000"
TF30,"535000","305000"
TF31,"535000","315000"
TF32,"535000","325000"
TF33,"535000","335000"
TF34,"535000","345000"
TF35,"535000","355000"
TF36,"535000","365000"
TF37,"535000","375000"
TF38,"535000","385000"
TF39,"535000","395000"
TA30,"535000","405000"
TA31,"535000","415000"
TA32,"535000","425000"
TA33,"535000","435000"
TV49,"545000","95000"
TQ40,"545000","105000"
TQ41,"545000","115000"
TQ42,"545000","125000"
TQ43,"545000","135000"
TQ44,"545000","145000"
TQ45,"545000","155000"
TQ46,"545000","165000"
TQ47,"545000","175000"
TQ48,"545000","185000"
TQ49,"545000","195000"
TL40,"545000","205000"
TL41,"545000","215000"
TL42,"545000","225000"
TL43,"545000","235000"
TL44,"545000","245000"
TL45,"545000","255000"
TL46,"545000","265000"
TL47,"545000","275000"
TL48,"545000","285000"
TL49,"545000","295000"
TF40,"545000","305000"
TF41,"545000","315000"
TF42,"545000","325000"
TF43,"545000","335000"
TF44,"545000","345000"
TF45,"545000","355000"
TF46,"545000","365000"
TF47,"545000","375000"
TF48,"545000","385000"
TF49,"545000","395000"
TA40,"545000","405000"
TA41,"545000","415000"
TA42,"545000","425000"
TV59,"555000","95000"
TQ50,"555000","105000"
TQ51,"555000","115000"
TQ52,"555000","125000"
TQ53,"555000","135000"
TQ54,"555000","145000"
TQ55,"555000","155000"
TQ56,"555000","165000"
TQ57,"555000","175000"
TQ58,"555000","185000"
TQ59,"555000","195000"
TL50,"555000","205000"
TL51,"555000","215000"
TL52,"555000","225000"
TL53,"555000","235000"
TL54,"555000","245000"
TL55,"555000","255000"
TL56,"555000","265000"
TL57,"555000","275000"
TL58,"555000","285000"
TL59,"555000","295000"
TF50,"555000","305000"
TF51,"555000","315000"
TF52,"555000","325000"
TF55,"555000","355000"
TF56,"555000","365000"
TF57,"555000","375000"
TF58,"555000","385000"
TF59,"555000","395000"
TV69,"565000","95000"
TQ60,"565000","105000"
TQ61,"565000","115000"
TQ62,"565000","125000"
TQ63,"565000","135000"
TQ64,"565000","145000"
TQ65,"565000","155000"
TQ66,"565000","165000"
TQ67,"565000","175000"
TQ68,"565000","185000"
TQ69,"565000","195000"
TL60,"565000","205000"
TL61,"565000","215000"
TL62,"565000","225000"
TL63,"565000","235000"
TL64,"565000","245000"
TL65,"565000","255000"
TL66,"565000","265000"
TL67,"565000","275000"
TL68,"565000","285000"
TL69,"565000","295000"
TF60,"565000","305000"
TF61,"565000","315000"
TF62,"565000","325000"
TF63,"565000","335000"
TF64,"565000","345000"
TQ70,"575000","105000"
TQ71,"575000","115000"
TQ72,"575000","125000"
TQ73,"575000","135000"
TQ74,"575000","145000"
TQ75,"575000","155000"
TQ76,"575000","165000"
TQ77,"575000","175000"
TQ78,"575000","185000"
TQ79,"575000","195000"
TL70,"575000","205000"
TL71,"575000","215000"
TL72,"575000","225000"
TL73,"575000","235000"
TL74,"575000","245000"
TL75,"575000","255000"
TL76,"575000","265000"
TL77,"575000","275000"
TL78,"575000","285000"
TL79,"575000","295000"
TF70,"575000","305000"
TF71,"575000","315000"
TF72,"575000","325000"
TF73,"575000","335000"
TF74,"575000","345000"
TQ80,"585000","105000"
TQ81,"585000","115000"
TQ82,"585000","125000"
TQ83,"585000","135000"
TQ84,"585000","145000"
TQ85,"585000","155000"
TQ86,"585000","165000"
TQ87,"585000","175000"
TQ88,"585000","185000"
TQ89,"585000","195000"
TL80,"585000","205000"
TL81,"585000","215000"
TL82,"585000","225000"
TL83,"585000","235000"
TL84,"585000","245000"
TL85,"585000","255000"
TL86,"585000","265000"
TL87,"585000","275000"
TL88,"585000","285000"
TL89,"585000","295000"
TF80,"585000","305000"
TF81,"585000","315000"
TF82,"585000","325000"
TF83,"585000","335000"
TF84,"585000","345000"
TQ91,"595000","115000"
TQ92,"595000","125000"
TQ93,"595000","135000"
TQ94,"595000","145000"
TQ95,"595000","155000"
TQ96,"595000","165000"
TQ97,"595000","175000"
TQ98,"595000","185000"
TQ99,"595000","195000"
TL90,"595000","205000"
TL91,"595000","215000"
TL92,"595000","225000"
TL93,"595000","235000"
TL94,"595000","245000"
TL95,"595000","255000"
TL96,"595000","265000"
TL97,"595000","275000"
TL98,"595000","285000"
TL99,"595000","295000"
TF90,"595000","305000"
TF91,"595000","315000"
TF92,"595000","325000"
TF93,"595000","335000"
TF94,"595000","345000"
TR01,"605000","115000"
TR02,"605000","125000"
TR03,"605000","135000"
TR04,"605000","145000"
TR05,"605000","155000"
TR06,"605000","165000"
TR07,"605000","175000"
TR08,"605000","185000"
TR09,"605000","195000"
TM00,"605000","205000"
TM01,"605000","215000"
TM02,"605000","225000"
TM03,"605000","235000"
TM04,"605000","245000"
TM05,"605000","255000"
TM06,"605000","265000"
TM07,"605000","275000"
TM08,"605000","285000"
TM09,"605000","295000"
TG00,"605000","305000"
TG01,"605000","315000"
TG02,"605000","325000"
TG03,"605000","335000"
TG04,"605000","345000"
TR12,"615000","125000"
TR13,"615000","135000"
TR14,"615000","145000"
TR15,"615000","155000"
TR16,"615000","165000"
TR17,"615000","175000"
TM11,"615000","215000"
TM12,"615000","225000"
TM13,"615000","235000"
TM14,"615000","245000"
TM15,"615000","255000"
TM16,"615000","265000"
TM17,"615000","275000"
TM18,"615000","285000"
TM19,"615000","295000"
TG10,"615000","305000"
TG11,"615000","315000"
TG12,"615000","325000"
TG13,"615000","335000"
TG14,"615000","345000"
TR23,"625000","135000"
TR24,"625000","145000"
TR25,"625000","155000"
TR26,"625000","165000"
TR27,"625000","175000"
TM21,"625000","215000"
TM22,"625000","225000"
TM23,"625000","235000"
TM24,"625000","245000"
TM25,"625000","255000"
TM26,"625000","265000"
TM27,"625000","275000"
TM28,"625000","285000"
TM29,"625000","295000"
TG20,"625000","305000"
TG21,"625000","315000"
TG22,"625000","325000"
TG23,"625000","335000"
TG24,"625000","345000"
TR33,"635000","135000"
TR34,"635000","145000"
TR35,"635000","155000"
TR36,"635000","165000"
TR37,"635000","175000"
TM33,"635000","235000"
TM34,"635000","245000"
TM35,"635000","255000"
TM36,"635000","265000"
TM37,"635000","275000"
TM38,"635000","285000"
TM39,"635000","295000"
TG30,"635000","305000"
TG31,"635000","315000"
TG32,"635000","325000"
TG33,"635000","335000"
TR46,"645000","165000"
TR47,"645000","175000"
TM44,"645000","245000"
TM45,"645000","255000"
TM46,"645000","265000"
TM47,"645000","275000"
TM48,"645000","285000"
TM49,"645000","295000"
TG40,"645000","305000"
TG41,"645000","315000"
TG42,"645000","325000"
TG43,"645000","335000"
TM57,"655000","275000"
TM58,"655000","285000"
TM59,"655000","295000"
TG50,"655000","305000"
TG51,"655000","315000"
TG52,"655000","325000"
V19,"-195541","277809"
V29,"-185541","276977"
Q20,"-184709","286977"
V36,"-178030","246149"
V37,"-177202","256148"
V38,"-176372","266147"
V39,"-175542","276146"
Q30,"-174710","286145"
Q31,"-173877","296143"
V43,"-170511","215324"
V44,"-169685","225323"
V45,"-168859","235322"
V46,"-168032","245321"
V47,"-167203","255319"
V48,"-166374","265317"
V49,"-165543","275315"
Q40,"-164712","285313"
Q41,"-163879","295310"
L46,"-151276","445249"
V53,"-160512","214500"
V54,"-159687","224498"
V55,"-158861","234495"
V56,"-158034","244493"
V57,"-157205","254490"
V58,"-156376","264487"
V59,"-155546","274484"
Q50,"-154715","284481"
Q51,"-153883","294477"
Q52,"-153049","304474"
L54,"-142974","424414"
L55,"-142129","434408"
L56,"-141282","444402"
L57,"-140434","454395"
F50,"-137885","484374"
F51,"-137033","494367"
F52,"-136181","504359"
V63,"-150515","213675"
V64,"-149690","223672"
V65,"-148864","233669"
V66,"-148037","243665"
V67,"-147209","253661"
V68,"-146380","263658"
V69,"-145550","273654"
Q60,"-144719","283649"
Q61,"-143887","293645"
Q62,"-143054","303640"
Q63,"-142220","313635"
Q64,"-141385","323630"
L63,"-133826","413576"
L64,"-132981","423569"
L65,"-132135","433562"
L66,"-131289","443554"
L67,"-130441","453547"
L68,"-129593","463539"
L69,"-128743","473531"
F60,"-127893","483523"
F61,"-127041","493515"
F62,"-126189","503506"
F63,"-125335","513497"
F64,"-124481","523488"
V72,"-141342","202855"
V73,"-140518","212851"
V74,"-139693","222847"
V75,"-138868","232842"
V76,"-138041","242838"
V77,"-137213","252833"
V78,"-136384","262828"
V79,"-135554","272823"
Q70,"-134724","282818"
Q71,"-133892","292812"
Q72,"-133059","302807"
Q73,"-132225","312801"
Q74,"-131390","322795"
Q75,"-130555","332789"
L70,"-126361","382755"
L71,"-125519","392747"
L72,"-124677","402740"
L73,"-123833","412732"
L74,"-122989","422724"
L75,"-122143","432716"
L76,"-121297","442707"
L77,"-120449","452699"
L78,"-119601","462690"
L79,"-118752","472681"
F70,"-117901","482672"
F71,"-117050","492663"
F72,"-116198","502653"
F73,"-115345","512644"
F74,"-114491","522634"
V82,"-131346","202031"
V83,"-130523","212026"
V84,"-129698","222021"
V85,"-128873","232016"
V86,"-128046","242011"
V87,"-127218","252005"
V88,"-126390","261999"
V89,"-125560","271993"
Q80,"-124729","281987"
Q81,"-123898","291980"
Q82,"-123065","301974"
Q83,"-122232","311967"
Q84,"-121397","321960"
Q85,"-120561","331952"
Q86,"-119725","341945"
L80,"-116369","381914"
L81,"-115527","391905"
L82,"-114685","401897"
L83,"-113842","411888"
L84,"-112997","421879"
L85,"-112152","431870"
L86,"-111306","441861"
L87,"-110458","451851"
L88,"-109610","461841"
L89,"-108761","471832"
F80,"-107911","481821"
F81,"-107060","491811"
F82,"-106208","501801"
F83,"-105355","511790"
F84,"-104501","521779"
V91,"-122174","191214"
V92,"-121352","201208"
V93,"-120528","211202"
V94,"-119704","221196"
V95,"-118878","231190"
V96,"-118052","241183"
V97,"-117225","251177"
V98,"-116396","261170"
V99,"-115567","271163"
Q90,"-114736","281156"
Q91,"-113905","291148"
Q92,"-113072","301140"
Q93,"-112239","311133"
Q94,"-111405","321125"
Q95,"-110569","331116"
Q96,"-109733","341108"
Q97,"-108895","351100"
Q98,"-108057","361091"
L90,"-106378","381073"
L91,"-105536","391063"
L92,"-104694","401054"
L93,"-103851","411044"
L94,"-103007","421034"
L95,"-102162","431024"
L96,"-101315","441014"
L97,"-100468","451003"
L98,"-99620","460993"
L99,"-98771","470982"
F90,"-97922","480971"
F91,"-97071","490960"
F92,"-96219","500948"
F93,"-95366","510937"
F94,"-94512","520925"
W02,"-111358","200385"
W03,"-110535","210379"
W04,"-109711","220371"
W05,"-108885","230364"
W06,"-108059","240357"
W07,"-107232","250349"
W08,"-106404","260341"
W09,"-105574","270333"
R00,"-104744","280325"
R01,"-103913","290316"
R02,"-103081","300308"
R03,"-102247","310299"
R04,"-101413","320290"
R05,"-100578","330281"
R06,"-99742","340271"
R07,"-98905","350262"
R08,"-98066","360252"
R09,"-97227","370242"
M00,"-96387","380232"
M01,"-95546","390222"
M02,"-94704","400211"
M03,"-93861","410201"
M04,"-93017","420190"
M05,"-92172","430179"
M06,"-91326","440167"
M07,"-90479","450156"
M08,"-89632","460144"
M09,"-88783","470133"
G00,"-87933","480121"
G01,"-87082","490109"
G02,"-86231","500096"
G03,"-85378","510084"
G04,"-84525","520071"
W12,"-101365","199563"
W13,"-100542","209555"
W14,"-99718","219547"
W15,"-98893","229538"
W16,"-98067","239530"
W17,"-97240","249521"
W18,"-96412","259512"
W19,"-95583","269503"
R10,"-94753","279494"
R11,"-93922","289485"
R12,"-93090","299475"
R13,"-92257","309465"
R14,"-91423","319455"
R15,"-90588","329445"
R16,"-89752","339435"
R17,"-88915","349424"
R18,"-88077","359413"
R19,"-87238","369403"
M10,"-86398","379391"
M11,"-85557","389380"
M12,"-84715","399369"
M13,"-83872","409357"
M14,"-83029","419345"
M15,"-82184","429333"
M16,"-81338","439321"
M17,"-80491","449309"
M18,"-79644","459296"
M19,"-78795","469284"
G10,"-77946","479271"
G11,"-77095","489258"
G12,"-76244","499244"
G13,"-75391","509231"
G14,"-74538","519217"
W22,"-91374","198740"
W23,"-90551","208731"
W24,"-89727","218722"
W25,"-88902","228713"
W26,"-88076","238703"
W27,"-87249","248694"
W28,"-86422","258684"
W29,"-85593","268674"
R20,"-84763","278664"
R21,"-83932","288653"
R22,"-83100","298643"
R23,"-82267","308632"
R24,"-81433","318621"
R25,"-80598","328610"
R26,"-79763","338598"
R27,"-78926","348587"
R28,"-78088","358575"
R29,"-77249","368563"
M20,"-76410","378551"
M21,"-75569","388539"
M22,"-74727","398527"
M23,"-73885","408514"
M24,"-73041","418501"
M25,"-72196","428488"
M26,"-71351","438475"
M27,"-70504","448462"
M28,"-69657","458448"
M29,"-68808","468435"
G20,"-67959","478421"
G21,"-67109","488407"
G22,"-66258","498392"
G23,"-65405","508378"
W33,"-80561","207908"
W34,"-79737","217898"
W35,"-78912","227888"
W36,"-78086","237877"
W37,"-77260","247866"
W38,"-76432","257856"
W39,"-75603","267845"
R30,"-74774","277833"
R31,"-73943","287822"
R32,"-73111","297810"
R33,"-72279","307799"
R34,"-71445","317787"
R35,"-70610","327774"
R36,"-69775","337762"
R37,"-68938","347750"
R38,"-68100","357737"
R39,"-67262","367724"
M30,"-66422","377711"
M31,"-65582","387698"
M32,"-64740","397684"
M33,"-63898","407671"
M34,"-63054","417657"
M35,"-62210","427643"
M36,"-61365","437629"
M37,"-60518","447615"
M38,"-59671","457600"
M39,"-58823","467586"
G30,"-57974","477571"
G31,"-57123","487556"
G32,"-56272","497541"
G33,"-55420","507525"
G34,"-54567","517510"
W43,"-70571","207085"
W44,"-69748","217074"
W45,"-68923","227063"
W46,"-68098","237051"
W47,"-67271","247039"
W48,"-66443","257027"
W49,"-65615","267015"
R40,"-64785","277003"
R41,"-63955","286991"
R42,"-63123","296978"
R43,"-62291","306965"
R44,"-61457","316952"
R45,"-60623","326939"
R46,"-59787","336926"
R47,"-58951","346913"
R48,"-58114","356899"
R49,"-57275","366885"
M40,"-56436","376871"
M41,"-55595","386857"
M42,"-54754","396843"
M43,"-53912","406828"
M44,"-53069","416813"
M45,"-52224","426798"
M46,"-51379","436783"
M47,"-50533","446768"
M48,"-49686","456753"
M49,"-48838","466737"
G40,"-47989","476721"
G41,"-47139","486705"
G42,"-46288","496689"
G43,"-45436","506673"
G47,"-42019","546606"
G48,"-41163","556589"
W53,"-60583","206262"
W54,"-59759","216250"
W55,"-58935","226238"
W56,"-58110","236225"
W57,"-57283","246212"
W58,"-56456","256200"
W59,"-55628","266186"
R50,"-54798","276173"
R51,"-53968","286160"
R52,"-53137","296146"
R53,"-52304","306133"
R54,"-51471","316119"
R55,"-50637","326104"
R56,"-49801","336090"
R57,"-48965","346076"
R58,"-48128","356061"
R59,"-47290","366046"
M50,"-46450","376031"
M51,"-45610","386016"
M52,"-44769","396001"
M53,"-43927","405985"
M54,"-43084","415970"
M55,"-42240","425954"
M56,"-41395","435938"
M57,"-40549","445922"
M58,"-39702","455905"
M59,"-38854","465889"
G50,"-38005","475872"
G51,"-37155","485855"
G52,"-36305","495838"
G53,"-35453","505821"
G54,"-34600","515803"
G55,"-33747","525786"
G57,"-32037","545750"
G58,"-31180","555732"
G59,"-30323","565714"
W63,"-50595","205439"
W64,"-49772","215426"
W65,"-48948","225413"
W66,"-48123","235399"
W67,"-47297","245386"
W68,"-46469","255372"
W69,"-45641","265358"
R60,"-44812","275344"
R61,"-43982","285329"
R62,"-43151","295315"
R63,"-42319","305300"
R64,"-41485","315285"
R65,"-40651","325270"
R66,"-39816","335255"
R67,"-38980","345239"
R68,"-38143","355223"
R69,"-37305","365208"
M60,"-36466","375192"
M61,"-35626","385176"
M62,"-34785","395159"
M63,"-33943","405143"
M64,"-33100","415126"
M65,"-32256","425109"
M66,"-31411","435092"
M67,"-30566","445075"
M68,"-29719","455058"
M69,"-28871","465040"
G60,"-28023","475023"
G61,"-27173","485005"
G62,"-26322","494987"
G63,"-25471","504969"
G64,"-24618","514950"
G65,"-23765","524932"
G66,"-22911","534913"
G67,"-22055","544894"
G68,"-21199","554875"
G69,"-20342","564856"
B60,"-19484","574837"
B61,"-18625","584817"
B62,"-17765","594797"
W74,"-39786","214603"
W75,"-38962","224588"
W76,"-38137","234574"
W77,"-37311","244559"
W78,"-36484","254544"
W79,"-35656","264529"
R70,"-34827","274514"
R71,"-33997","284499"
R72,"-33166","294483"
R73,"-32334","304467"
R74,"-31501","314451"
R75,"-30667","324435"
R76,"-29832","334419"
R77,"-28996","344403"
R78,"-28159","354386"
R79,"-27321","364369"
M70,"-26482","374352"
M71,"-25643","384335"
M72,"-24802","394318"
M73,"-23960","404301"
M74,"-23117","414283"
M75,"-22274","424265"
M76,"-21429","434247"
M77,"-20583","444229"
M78,"-19737","454211"
M79,"-18889","464192"
G70,"-18041","474174"
G71,"-17191","484155"
G72,"-16341","494136"
G73,"-15490","504117"
G74,"-14637","514097"
G75,"-13784","524078"
G76,"-12930","534058"
G77,"-12075","544039"
G78,"-11219","554019"
G79,"-10362","563998"
B70,"-9504","573978"
B71,"-8645","583958"
B72,"-7785","593937"
B73,"-6924","603916"
W85,"-28977","223764"
W86,"-28152","233748"
W87,"-27326","243733"
W88,"-26499","253717"
W89,"-25671","263701"
R80,"-24843","273685"
R81,"-24013","283668"
R82,"-23182","293652"
R83,"-22350","303635"
R84,"-21517","313618"
R85,"-20684","323601"
R86,"-19849","333584"
R87,"-19013","343566"
R88,"-18176","353549"
R89,"-17339","363531"
M80,"-16500","373513"
M81,"-15660","383495"
M82,"-14820","393477"
M83,"-13978","403458"
M84,"-13136","413440"
M85,"-12292","423421"
M86,"-11448","433402"
M87,"-10602","443383"
M88,"-9756","453364"
M89,"-8908","463344"
G80,"-8060","473325"
G81,"-7211","483305"
G82,"-6360","493285"
G83,"-5509","503265"
G84,"-4657","513245"
G85,"-3804","523224"
G86,"-2950","533204"
G87,"-2095","543183"
G88,"-1239","553162"
G89,"-382","563141"
B80,"475","573120"
B81,"1334","583098"
B82,"2194","593077"
B83,"3054","603055"
B84,"3916","613033"
W95,"-18993","222940"
W96,"-18168","232923"
W97,"-17342","242906"
W98,"-16516","252890"
W99,"-15688","262872"
R90,"-14859","272855"
R91,"-14030","282838"
R92,"-13199","292820"
R93,"-12367","302803"
R94,"-11535","312785"
R95,"-10701","322767"
R96,"-9867","332749"
R97,"-9031","342730"
R98,"-8195","352712"
R99,"-7357","362693"
M90,"-6518","372674"
M91,"-5679","382655"
M92,"-4839","392636"
M93,"-3997","402616"
M94,"-3155","412597"
M95,"-2311","422577"
M96,"-1467","432557"
M97,"-622","442537"
M98,"225","452517"
M99,"1072","462497"
G90,"1920","472476"
G91,"2769","482455"
G92,"3619","492435"
G93,"4470","502413"
G94,"5322","512392"
G95,"6175","522371"
G96,"7029","532349"
G97,"7884","542328"
G98,"8739","552306"
G99,"9596","562284"
B90,"10454","572262"
B91,"11312","582239"
B92,"12172","592217"
B93,"13032","602194"
B94,"13893","612171"
X06,"-8185","232098"
X07,"-7360","242080"
X08,"-6533","252062"
X09,"-5706","262044"
S00,"-4877","272026"
S01,"-4048","282008"
S02,"-3217","291989"
S03,"-2386","301971"
S04,"-1553","311952"
S05,"-720","321933"
S06,"115","331913"
S07,"950","341894"
S08,"1786","351875"
S09,"2624","361855"
N00,"3462","371835"
N01,"4301","381815"
N02,"5142","391795"
N03,"5983","401775"
N04,"6825","411754"
N05,"7668","421733"
N06,"8513","431712"
N07,"9358","441691"
N08,"10204","451670"
N09,"11051","461649"
H00,"11899","471628"
H01,"12748","481606"
H02,"13598","491584"
H03,"14448","501562"
H04,"15300","511540"
H05,"16153","521518"
H06,"17007","531495"
H07,"17861","541473"
H08,"18717","551450"
H09,"19573","561427"
C00,"20431","571404"
C01,"21289","581380"
C02,"22148","591357"
C03,"23009","601333"
C04,"23870","611310"
X17,"2622","241254"
X18,"3448","251236"
X19,"4276","261216"
S10,"5104","271197"
S11,"5933","281178"
S12,"6764","291158"
S13,"7595","301139"
S14,"8427","311119"
S15,"9261","321099"
S16,"10095","331079"
S17,"10930","341058"
S18,"11766","351038"
S19,"12603","361017"
N10,"13442","370996"
N11,"14281","380975"
N12,"15121","390954"
N13,"15962","400933"
N14,"16804","410911"
N15,"17647","420890"
N16,"18491","430868"
N17,"19336","440846"
N18,"20182","450824"
N19,"21029","460802"
H10,"21877","470779"
H11,"22726","480757"
H12,"23575","490734"
H13,"24426","500711"
H14,"25278","510688"
H15,"26130","520665"
H16,"26984","530641"
H17,"27838","540618"
H18,"28694","550594"
H19,"29550","560570"
C10,"30407","570546"
C11,"31265","580522"
C12,"32124","590497"
C13,"32985","600473"
C14,"33846","610448"
X27,"12603","240429"
X28,"13429","250409"
X29,"14256","260389"
S20,"15084","270369"
S21,"15913","280348"
S22,"16744","290328"
S23,"17575","300307"
S24,"18407","310286"
S25,"19240","320265"
S26,"20074","330244"
S27,"20909","340223"
S28,"21745","350201"
S29,"22582","360180"
N20,"23420","370158"
N21,"24259","380136"
N22,"25099","390114"
N23,"25940","400091"
N24,"26782","410069"
N25,"27625","420046"
N26,"28469","430024"
N27,"29314","440001"
N28,"30159","449978"
N29,"31006","459954"
H20,"31854","469931"
H21,"32702","479907"
H22,"33552","489884"
H23,"34402","499860"
H24,"35254","509836"
H25,"36106","519812"
H26,"36960","529787"
H27,"37814","539763"
H28,"38669","549738"
H29,"39525","559713"
C20,"40383","569688"
C21,"41241","579663"
C22,"42100","589638"
C23,"42959","599612"
C24,"43820","609587"
X38,"23408","249582"
X39,"24235","259561"
S30,"25063","269540"
S31,"25892","279519"
S32,"26722","289497"
S33,"27553","299475"
S34,"28385","309454"
S35,"29218","319432"
S36,"30052","329409"
S37,"30887","339387"
S38,"31723","349365"
S39,"32560","359342"
N30,"33398","369319"
N31,"34237","379296"
N32,"35077","389273"
N33,"35917","399250"
N34,"36759","409227"
N35,"37602","419203"
N36,"38445","429179"
N37,"39290","439155"
N38,"40136","449131"
N39,"40982","459107"
H30,"41830","469083"
H31,"42678","479058"
H32,"43528","489034"
H33,"44378","499009"
H34,"45229","508984"
H35,"46082","518959"
H36,"46935","528933"
H37,"47789","538908"
H38,"48644","548882"
H39,"49500","558857"
C30,"50357","568831"
C31,"51215","578805"
C32,"52074","588778"
C33,"52934","598752"
C34,"53794","608726"
C35,"54656","618699"
C36,"55518","628672"
X49,"34214","258734"
S40,"35042","268712"
S41,"35871","278689"
S42,"36700","288667"
S43,"37531","298644"
S44,"38363","308621"
S45,"39196","318598"
S46,"40030","328575"
S47,"40864","338552"
S48,"41700","348528"
S49,"42537","358505"
N40,"43375","368481"
N41,"44213","378457"
N42,"45053","388433"
N43,"45894","398409"
N44,"46735","408384"
N45,"47578","418360"
N46,"48421","428335"
N47,"49266","438310"
N48,"50111","448285"
N49,"50958","458260"
H40,"51805","468235"
H41,"52653","478209"
H42,"53502","488184"
H43,"54353","498158"
H44,"55204","508132"
H45,"56056","518106"
H46,"56909","528080"
H47,"57763","538053"
H48,"58618","548027"
H49,"59474","558000"
C40,"60331","567973"
C41,"61188","577946"
C42,"62047","587919"
C43,"62907","597892"
C44,"63767","607865"
C45,"64629","617837"
C46,"65491","627809"
X59,"44191","257906"
S50,"45019","267883"
S51,"45848","277860"
S52,"46677","287836"
S53,"47508","297813"
S54,"48340","307789"
S55,"49172","317765"
S56,"50006","327741"
S57,"50840","337717"
S58,"51676","347692"
S59,"52513","357668"
N50,"53350","367643"
N51,"54189","377618"
N52,"55028","387593"
N53,"55869","397568"
N54,"56710","407542"
N55,"57553","417517"
N56,"58396","427491"
N57,"59240","437465"
N58,"60086","447440"
N59,"60932","457413"
H50,"61779","467387"
H51,"62627","477361"
H52,"63476","487334"
H53,"64326","497307"
H54,"65177","507281"
H55,"66029","517254"
H56,"66882","527226"
H57,"67736","537199"
H58,"68591","547172"
H59,"69447","557144"
C50,"70303","567116"
C51,"71161","577088"
C52,"72019","587060"
C53,"72879","597032"
C54,"73739","607004"
C55,"74600","616975"
C56,"75463","626946"
X69,"54168","257079"
S60,"54995","267055"
S61,"55824","277031"
S62,"56653","287006"
S63,"57484","296982"
S64,"58315","306957"
S65,"59148","316932"
S66,"59981","326907"
S67,"60816","336882"
S68,"61651","346856"
S69,"62488","356831"
N60,"63325","366805"
N61,"64163","376779"
N62,"65003","386753"
N63,"65843","396727"
N64,"66684","406701"
N65,"67527","416674"
N66,"68370","426648"
N67,"69214","436621"
N68,"70059","446594"
N69,"70905","456567"
H60,"71752","466540"
H61,"72600","476512"
H62,"73449","486485"
H63,"74299","496457"
H64,"75150","506429"
H65,"76002","516401"
H66,"76855","526373"
H67,"77708","536345"
H68,"78563","546316"
H69,"79418","556288"
C60,"80275","566259"
C61,"81132","576230"
C62,"81991","586201"
C63,"82850","596172"
C64,"83710","606143"
X79,"64143","256252"
S70,"64970","266227"
S71,"65799","276202"
S72,"66628","286176"
S73,"67459","296151"
S74,"68290","306125"
S75,"69122","316099"
S76,"69956","326073"
S77,"70790","336047"
S78,"71625","346020"
S79,"72461","355994"
N70,"73299","365967"
N71,"74137","375940"
N72,"74976","385913"
N73,"75816","395886"
N74,"76657","405859"
N75,"77499","415831"
N76,"78343","425804"
N77,"79187","435776"
N78,"80032","445748"
N79,"80878","455720"
H70,"81724","465692"
H71,"82572","475664"
H72,"83421","485635"
H73,"84271","495607"
H74,"85122","505578"
H75,"85973","515549"
H76,"86826","525520"
H77,"87679","535491"
H78,"88534","545461"
H79,"89389","555432"
C70,"90246","565402"
C71,"91103","575372"
C72,"91961","585343"
C73,"92820","595312"
S80,"74945","265399"
S81,"75773","275373"
S82,"76602","285347"
S83,"77432","295320"
S84,"78264","305293"
S85,"79096","315266"
S86,"79929","325239"
S87,"80763","335212"
S88,"81598","345185"
S89,"82434","355157"
N80,"83271","365129"
N81,"84109","375102"
N82,"84949","385074"
N83,"85789","395046"
N84,"86630","405017"
N85,"87471","414989"
N86,"88314","424960"
N87,"89158","434932"
N88,"90003","444903"
N89,"90849","454874"
H80,"91696","464845"
H81,"92543","474815"
H82,"93392","484786"
H83,"94242","494757"
H84,"95092","504727"
H85,"95944","514697"
H86,"96796","524667"
H87,"97650","534637"
H88,"98504","544607"
H89,"99359","554576"
C80,"100215","564546"
C81,"101073","574515"
C82,"101931","584484"
C83,"102790","594453"
C84,"103650","604422"
X99,"84091","254599"
S90,"84918","264572"
S91,"85746","274544"
S92,"86575","284517"
S93,"87405","294489"
S94,"88236","304462"
S95,"89068","314434"
S96,"89901","324406"
S97,"90735","334377"
S98,"91570","344349"
S99,"92406","354321"
N90,"93243","364292"
N91,"94081","374263"
N92,"94920","384234"
N93,"95760","394205"
N94,"96601","404176"
N95,"97443","414147"
N96,"98285","424117"
N97,"99129","434087"
N98,"99974","444058"
N99,"100819","454028"
H90,"101666","463998"
H91,"102514","473967"
H92,"103362","483937"
H93,"104212","493906"
H94,"105062","503876"
H95,"105913","513845"
H96,"106766","523814"
H97,"107619","533783"
H98,"108473","543752"
H99,"109328","553720"
C90,"110184","563689"
C91,"111041","573657"
C92,"111899","583625"
C93,"112758","593594"
C94,"113618","603561"
C99,"117931","653399"
T00,"94890","263744"
T01,"95718","273716"
T02,"96547","283687"
T03,"97377","293659"
T04,"98208","303630"
T05,"99040","313601"
T06,"99873","323572"
T07,"100706","333543"
T08,"101541","343514"
T09,"102377","353484"
O00,"103214","363455"
O01,"104052","373425"
O02,"104891","383395"
O03,"105730","393365"
O04,"106571","403335"
O05,"107413","413304"
O06,"108255","423274"
O07,"109099","433243"
O08,"109943","443213"
O09,"110789","453182"
J00,"111635","463151"
J01,"112483","473119"
J02,"113331","483088"
J03,"114181","493057"
J04,"115031","503025"
J05,"115882","512993"
J06,"116734","522961"
J07,"117587","532929"
J08,"118441","542897"
J09,"119296","552865"
D00,"120152","562832"
D01,"121009","572800"
D02,"121867","582767"
D03,"122726","592734"
D04,"123585","602701"
D05,"124446","612668"
D08,"127033","642568"
D09,"127897","652534"
T10,"104861","262917"
T11,"105689","272888"
T12,"106518","282858"
T13,"107348","292829"
T14,"108179","302799"
T15,"109010","312769"
T16,"109843","322739"
T17,"110677","332709"
T18,"111511","342678"
T19,"112347","352648"
O10,"113184","362617"
O11,"114021","372587"
O12,"114860","382556"
O13,"115700","392525"
O14,"116540","402494"
O15,"117382","412462"
O16,"118224","422431"
O17,"119068","432399"
O18,"119912","442368"
O19,"120757","452336"
J10,"121604","462304"
J11,"122451","472272"
J12,"123299","482239"
J13,"124149","492207"
J14,"124999","502174"
J15,"125850","512142"
J16,"126702","522109"
J17,"127555","532076"
J18,"128409","542043"
J19,"129264","552009"
D10,"130119","561976"
D11,"130976","571943"
D12,"131834","581909"
D13,"132692","591875"
D14,"133552","601841"
D15,"134412","611807"
D18,"136999","641704"
D19,"137863","651670"
T24,"118148","301968"
T25,"118980","311937"
T26,"119812","321906"
T27,"120646","331875"
T28,"121481","341843"
T29,"122316","351812"
O20,"123153","361780"
O21,"123990","371749"
O22,"124829","381717"
O23,"125668","391685"
O24,"126509","401653"
O25,"127350","411620"
O26,"128192","421588"
J20,"131571","461457"
J21,"132418","471424"
J22,"133267","481391"
J23,"134116","491357"
J24,"134966","501324"
J25,"135817","511290"
J26,"136668","521256"
J27,"137521","531222"
J28,"138375","541188"
J29,"139230","551154"
D20,"140085","561120"
D21,"140942","571085"
D22,"141800","581051"
D23,"142658","591016"
D24,"143517","600981"
D28,"146964","640841"
D29,"147828","650805"
T37,"130614","331041"
T38,"131449","341008"
T39,"132284","350976"
O30,"133121","360943"
O31,"133958","370911"
O33,"135636","390845"
O34,"136476","400812"
O35,"137317","410779"
J31,"142385","470576"
J32,"143233","480542"
J33,"144082","490508"
J34,"144932","500473"
J35,"145782","510439"
J36,"146634","520404"
J37,"147487","530369"
J38,"148340","540334"
J39,"149195","550299"
D30,"150051","560264"
D31,"150907","570228"
D32,"151764","580193"
D35,"154342","610086"
D36,"155203","620050"
D39,"157792","649941"
J43,"154047","489658"
J44,"154897","499623"
J45,"155747","509588"
J46,"156599","519552"
J47,"157451","529516"
J48,"158305","539480"
J49,"159159","549444"
D40,"160015","559408"
D45,"164306","609225"
D46,"165167","619188"
D47,"166029","629151"
D48,"166891","639114"
D49,"167755","649076"
J53,"164011","488809"
J54,"164861","498773"
J55,"165711","508736"
J56,"166563","518700"
J57,"167415","528663"
J58,"168268","538626"
D54,"173408","598402"
D55,"174268","608365"
D56,"175129","618327"
D57,"175991","628289"
D58,"176854","638251"
D59,"177717","648212"
J64,"174824","497923"
J65,"175674","507886"
J66,"176526","517848"
J67,"177378","527810"
J68,"178231","537772"
D67,"185952","627427"
D68,"186815","637388"
D69,"187678","647348"
D70,"189902","556841"
D71,"190758","566802"
D76,"195051","616604"
D77,"195913","626565"
D78,"196775","636525"
D79,"197639","646484"
Y85,"170513","207309"
Y86,"171335","217273"
Y87,"172158","227237"
J89,"199007","546025"
D80,"199862","555986"
D81,"200718","565946"
D82,"201575","575905"
D83,"202433","585865"
D84,"203291","595825"
D85,"204151","605784"
D86,"205011","615743"
D87,"205873","625703"
D88,"206735","635662"
D89,"207598","645621"
Y95,"180477","206487"
Y96,"181299","216451"
Y97,"182121","226414"
Y98,"182945","236377"
Y99,"183770","246340"
J98,"208113","535212"
J99,"208967","545171"
D90,"209822","555130"
D91,"210678","565089"
D92,"211534","575048"
D93,"212392","585007"
D94,"213250","594966"
D95,"214110","604924"
D99,"217557","644757"
Z04,"189619","195704"
Z05,"190440","205666"
Z06,"191262","215629"
Z07,"192084","225591"
Z08,"192908","235553"
Z09,"193732","245515"
K01,"212123","464647"
K02,"212970","474606"
K08,"218072","534359"
K09,"218926","544317"
E00,"219780","554275"
E01,"220636","564233"
E02,"221493","574191"
E03,"222350","584149"
E04,"223208","594107"
E05,"224068","604064"
E06,"224928","614022"
E07,"225789","623979"
E08,"226651","633936"
E09,"227514","643894"
Z14,"199581","194884"
Z15,"200402","204845"
Z16,"201223","214807"
Z17,"202046","224768"
Z18,"202869","234729"
Z19,"203694","244690"
U17,"210325","324373"
U18,"211159","334333"
P13,"215340","384131"
K11,"222081","463801"
K12,"222928","473759"
K13,"223776","483717"
K14,"224625","493675"
K19,"228884","543463"
E10,"229738","553420"
E11,"230594","563377"
E12,"231450","573334"
E13,"232307","583291"
E14,"233166","593248"
E15,"234025","603205"
E16,"234885","613161"
E17,"235746","623118"
E18,"236608","633074"
E19,"237471","643030"
Z24,"209542","194064"
Z25,"210363","204024"
Z26,"211184","213985"
Z27,"212006","223945"
Z28,"212830","233905"
Z29,"213654","243865"
U20,"214479","253825"
U27,"220285","323540"
U28,"221118","333499"
U29,"221952","343458"
P22,"224461","373334"
P23,"225299","383292"
P24,"226138","393250"
K21,"232039","462954"
K22,"232886","472911"
K23,"233734","482868"
K24,"234583","492825"
K25,"235432","502782"
K28,"237987","532652"
K29,"238840","542609"
E20,"239695","552565"
E21,"240550","562521"
E22,"241406","572477"
E23,"242264","582433"
E24,"243122","592389"
E25,"243981","602345"
E26,"244841","612301"
E27,"245702","622256"
E28,"246564","632212"
E29,"247426","642167"
Z30,"216232","153405"
Z34,"219502","193244"
Z35,"220323","203204"
Z36,"221144","213163"
Z37,"221966","223122"
Z38,"222789","233081"
Z39,"223613","243040"
U30,"224439","252999"
U37,"230243","322708"
U38,"231076","332666"
U39,"231910","342623"
P30,"232746","352581"
P31,"233582","362539"
P32,"234419","372496"
P33,"235257","382453"
P34,"236096","392411"
K32,"242843","472064"
K33,"243690","482020"
K34,"244539","491976"
K35,"245389","501932"
K38,"247943","531799"
K39,"248796","541755"
E30,"249651","551710"
E31,"250506","561666"
E32,"251362","571621"
E33,"252219","581576"
E34,"253077","591531"
E35,"253936","601486"
E36,"254796","611440"
E37,"255657","621395"
E38,"256519","631349"
E39,"257381","641304"
Z45,"230281","202383"
Z46,"231103","212341"
Z47,"231925","222300"
Z48,"232748","232258"
Z49,"233572","242216"
U40,"234397","252173"
U41,"235223","262131"
U48,"241034","331832"
U49,"241868","341789"
P40,"242703","351746"
P41,"243539","361702"
P42,"244376","371659"
P43,"245214","381615"
P44,"246052","391571"
K44,"254495","491127"
K49,"258751","540901"
E40,"259606","550856"
E41,"260461","560810"
E42,"261317","570764"
E43,"262174","580718"
E44,"263032","590672"
E45,"263890","600626"
E46,"264750","610580"
E47,"265611","620534"
E48,"266473","630487"
E49,"267335","640441"
Z53,"238600","181648"
Z54,"239419","191605"
Z55,"240239","201562"
Z56,"241060","211520"
Z57,"241882","221477"
Z58,"242705","231434"
Z59,"243529","241391"
U50,"244354","251348"
U51,"245180","261305"
U52,"246007","271261"
U57,"250157","321043"
U58,"250990","330999"
U59,"251824","340954"
P50,"252659","350910"
P51,"253495","360866"
P52,"254332","370821"
P53,"255169","380777"
P54,"256008","390732"
K59,"268705","540048"
E50,"269559","550001"
E51,"270414","559954"
E52,"271270","569908"
E53,"272127","579861"
E54,"272985","589814"
E55,"273844","599767"
E56,"274703","609720"
E57,"275564","619673"
E58,"276426","629625"
E59,"277288","639578"
Z60,"246107","150959"
Z63,"248558","180829"
Z64,"249376","190786"
Z65,"250196","200742"
Z66,"251017","210698"
Z67,"251839","220655"
Z68,"252662","230611"
Z69,"253486","240567"
U60,"254311","250522"
U61,"255136","260478"
U62,"255963","270434"
U63,"256791","280389"
U64,"257620","290345"
U65,"258450","300300"
U66,"259281","310255"
U67,"260113","320210"
U68,"260945","330165"
U69,"261779","340120"
P60,"262614","350075"
P61,"263450","360029"
P62,"264286","369984"
P63,"265124","379938"
K69,"278658","539194"
E60,"279512","549147"
E61,"280367","559099"
E62,"281223","569051"
E63,"282080","579004"
E64,"282938","588956"
E65,"283796","598908"
E66,"284656","608860"
E67,"285516","618812"
E68,"286378","628763"
E69,"287240","638715"
Z70,"256064","150144"
Z74,"259332","189966"
Z75,"260152","199922"
Z76,"260973","209877"
Z77,"261795","219832"
Z78,"262617","229787"
Z79,"263441","239742"
U70,"264266","249697"
U71,"265092","259652"
U72,"265918","269606"
U73,"266746","279561"
U74,"267575","289515"
U75,"268405","299470"
U76,"269235","309424"
U77,"270067","319378"
U78,"270900","329332"
U79,"271733","339286"
P70,"272568","349240"
P71,"273404","359193"
P72,"274240","369147"
P73,"275078","379100"
P74,"275917","389053"
E70,"289464","548292"
E71,"290319","558244"
E72,"291175","568195"
E73,"292032","578146"
E74,"292889","588098"
E75,"293748","598049"
E76,"294607","608000"
E77,"295468","617951"
E78,"296329","627901"
E79,"297191","637852"
Z80,"266019","149329"
Z84,"269287","189147"
Z85,"270107","199102"
Z86,"270928","209056"
Z87,"271749","219010"
Z88,"272572","228964"
Z89,"273395","238918"
U80,"274220","248872"
U81,"275046","258826"
U82,"275872","268779"
U83,"276700","278733"
U84,"277529","288686"
U85,"278358","298639"
U86,"279189","308593"
U87,"280021","318546"
U88,"280853","328499"
U89,"281687","338452"
P80,"282521","348404"
P81,"283357","358357"
P82,"284193","368310"
P83,"285031","378262"
P84,"285869","388214"
K86,"296006","507634"
K87,"296857","517585"
K88,"297709","527536"
K89,"298562","537487"
E81,"300270","557388"
E82,"301126","567339"
E83,"301982","577289"
E84,"302840","587240"
E85,"303698","597190"
E86,"304558","607140"
E87,"305418","617090"
E88,"306279","627040"
E89,"307141","636990"
Z90,"275973","148514"
Z93,"278423","178375"
Z94,"279241","188328"
Z95,"280061","198282"
Z96,"280881","208235"
Z97,"281703","218188"
Z98,"282525","228141"
Z99,"283349","238094"
U90,"284173","248047"
U91,"284999","258000"
U92,"285826","267952"
U93,"286653","277905"
U94,"287482","287857"
U95,"288311","297809"
U96,"289142","307762"
U97,"289973","317714"
U98,"290806","327666"
U99,"291639","337618"
P90,"292474","347569"
P91,"293309","357521"
P92,"294145","367473"
P93,"294983","377424"
P94,"295821","387376"
K94,"304258","486884"
K95,"305107","496834"
K96,"305957","506784"
K97,"306808","516734"
K98,"307659","526684"
K99,"308512","536634"
E90,"309366","546584"
E91,"310220","556533"
E92,"311076","566483"
E93,"311932","576432"
E94,"312790","586382"
E95,"313648","596331"
E96,"314507","606280"
E97,"315368","616229"
E98,"316229","626178"
E99,"317091","636127"
